Date,TRDPRC_1
2016-01-01,432.8
2016-01-02,433.69
2016-01-03,427.79
2016-01-04,434.64
2016-01-05,432.39
2016-01-06,430.86
2016-01-07,455.07
2016-01-08,453.34
2016-01-09,449.27
2016-01-10,445.29
2016-01-11,447.27
2016-01-12,445.29
2016-01-13,430.19
2016-01-14,430.02
2016-01-15,379.34
2016-01-16,381.88
2016-01-17,385.69
2016-01-18,383.23
2016-01-19,378.87
2016-01-20,407.39
2016-01-21,407.14
2016-01-22,378.75
2016-01-23,389.9
2016-01-24,401.36
2016-01-25,391.69
2016-01-26,392.99
2016-01-27,393.99
2016-01-28,381.96
2016-01-29,374.64
2016-01-30,377.53
2016-01-31,378.08
2016-02-01,371.74
2016-02-02,374.38
2016-02-03,367.88
2016-02-04,387.58
2016-02-05,386.29
2016-02-06,376.01
2016-02-07,377.39
2016-02-08,374.23
2016-02-09,375.0
2016-02-10,381.47
2016-02-11,377.73
2016-02-12,383.71
2016-02-13,389.97
2016-02-14,404.35
2016-02-15,399.08
2016-02-16,406.4
2016-02-17,419.18
2016-02-18,421.06
2016-02-19,419.34
2016-02-20,438.18
2016-02-21,438.13
2016-02-22,436.38
2016-02-23,419.96
2016-02-24,423.69
2016-02-25,422.92
2016-02-26,426.3
2016-02-27,431.43
2016-02-28,431.63
2016-02-29,435.03
2016-03-01,433.3
2016-03-02,425.95
2016-03-03,420.28
2016-03-04,412.4
2016-03-05,402.42
2016-03-06,408.8
2016-03-07,413.05
2016-03-08,412.25
2016-03-09,411.39
2016-03-10,415.23
2016-03-11,419.54
2016-03-12,410.17
2016-03-13,413.12
2016-03-14,414.1
2016-03-15,415.24
2016-03-16,415.94
2016-03-17,418.11
2016-03-18,407.34
2016-03-19,406.56
2016-03-20,411.51
2016-03-21,411.21
2016-03-22,416.19
2016-03-23,417.9
2016-03-24,415.04
2016-03-25,415.25
2016-03-26,416.76
2016-03-27,425.12
2016-03-28,421.88
2016-03-29,413.87
2016-03-30,412.78
2016-03-31,416.17
2016-04-01,415.69
2016-04-02,419.03
2016-04-03,418.52
2016-04-04,418.9
2016-04-05,421.33
2016-04-06,421.03
2016-04-07,420.65
2016-04-08,416.89
2016-04-09,417.74
2016-04-10,420.93
2016-04-11,421.67
2016-04-12,424.77
2016-04-13,422.8
2016-04-14,424.3
2016-04-15,429.25
2016-04-16,429.09
2016-04-17,426.13
2016-04-18,427.03
2016-04-19,431.06
2016-04-20,442.97
2016-04-21,448.91
2016-04-22,445.07
2016-04-23,448.6
2016-04-24,457.04
2016-04-25,465.41
2016-04-26,466.55
2016-04-27,451.27
2016-04-28,446.45
2016-04-29,454.92
2016-04-30,450.99
2016-05-01,453.35
2016-05-02,445.41
2016-05-03,449.9
2016-05-04,445.13
2016-05-05,448.13
2016-05-06,458.84
2016-05-07,459.61
2016-05-08,457.94
2016-05-09,459.93
2016-05-10,451.3
2016-05-11,452.45
2016-05-12,452.23
2016-05-13,456.12
2016-05-14,456.54
2016-05-15,458.91
2016-05-16,454.07
2016-05-17,454.13
2016-05-18,455.03
2016-05-19,443.57
2016-05-20,442.34
2016-05-21,443.64
2016-05-22,440.72
2016-05-23,443.94
2016-05-24,445.96
2016-05-25,449.97
2016-05-26,453.33
2016-05-27,469.56
2016-05-28,512.83
2016-05-29,513.69
2016-05-30,530.64
2016-05-31,519.39
2016-06-01,533.71
2016-06-02,535.87
2016-06-03,570.51
2016-06-04,574.07
2016-06-05,569.51
2016-06-06,582.27
2016-06-07,577.02
2016-06-08,580.13
2016-06-09,572.93
2016-06-10,578.19
2016-06-11,583.66
2016-06-12,672.4
2016-06-13,688.87
2016-06-14,689.16
2016-06-15,692.53
2016-06-16,762.21
2016-06-17,754.49
2016-06-18,748.14
2016-06-19,759.79
2016-06-20,740.74
2016-06-21,654.39
2016-06-22,618.64
2016-06-23,611.31
2016-06-24,651.82
2016-06-25,665.49
2016-06-26,623.45
2016-06-27,641.73
2016-06-28,646.16
2016-06-29,637.47
2016-06-30,664.29
2016-07-01,675.84
2016-07-02,690.1
2016-07-03,654.93
2016-07-04,671.95
2016-07-05,669.02
2016-07-06,675.66
2016-07-07,609.7
2016-07-08,658.84
2016-07-09,647.43
2016-07-10,647.75
2016-07-11,647.76
2016-07-12,666.31
2016-07-13,660.76
2016-07-14,660.38
2016-07-15,667.28
2016-07-16,660.11
2016-07-17,678.9
2016-07-18,672.12
2016-07-19,668.47
2016-07-20,664.21
2016-07-21,665.36
2016-07-22,655.47
2016-07-23,655.85
2016-07-24,661.35
2016-07-25,656.22
2016-07-26,654.9
2016-07-27,656.12
2016-07-28,655.79
2016-07-29,657.14
2016-07-30,652.85
2016-07-31,630.84
2016-08-01,615.88
2016-08-02,557.12
2016-08-03,565.71
2016-08-04,569.26
2016-08-05,574.54
2016-08-06,585.45
2016-08-07,589.18
2016-08-08,591.56
2016-08-09,585.91
2016-08-10,595.51
2016-08-11,589.98
2016-08-12,586.42
2016-08-13,586.94
2016-08-14,570.77
2016-08-15,565.65
2016-08-16,580.09
2016-08-17,572.17
2016-08-18,574.87
2016-08-19,574.84
2016-08-20,581.99
2016-08-21,580.59
2016-08-22,586.01
2016-08-23,583.81
2016-08-24,580.02
2016-08-25,576.3
2016-08-26,578.47
2016-08-27,571.54
2016-08-28,573.48
2016-08-29,574.79
2016-08-30,578.05
2016-08-31,573.44
2016-09-01,571.8
2016-09-02,575.25
2016-09-03,599.7
2016-09-04,609.51
2016-09-05,606.48
2016-09-06,610.01
2016-09-07,612.92
2016-09-08,625.86
2016-09-09,623.45
2016-09-10,625.63
2016-09-11,599.1
2016-09-12,607.2
2016-09-13,610.35
2016-09-14,610.32
2016-09-15,608.07
2016-09-16,608.27
2016-09-17,607.69
2016-09-18,610.84
2016-09-19,608.73
2016-09-20,609.27
2016-09-21,596.12
2016-09-22,597.31
2016-09-23,602.54
2016-09-24,603.68
2016-09-25,601.44
2016-09-26,606.77
2016-09-27,603.8
2016-09-28,604.95
2016-09-29,605.68
2016-09-30,607.52
2016-10-01,616.05
2016-10-02,611.04
2016-10-03,611.51
2016-10-04,609.01
2016-10-05,612.73
2016-10-06,611.73
2016-10-07,616.71
2016-10-08,617.49
2016-10-09,615.21
2016-10-10,617.57
2016-10-11,638.1
2016-10-12,635.41
2016-10-13,635.75
2016-10-14,638.74
2016-10-15,636.06
2016-10-16,641.26
2016-10-17,638.29
2016-10-18,634.91
2016-10-19,628.45
2016-10-20,628.76
2016-10-21,630.29
2016-10-22,653.49
2016-10-23,652.85
2016-10-24,650.17
2016-10-25,654.38
2016-10-26,673.91
2016-10-27,679.6
2016-10-28,684.79
2016-10-29,712.89
2016-10-30,696.84
2016-10-31,701.24
2016-11-01,721.82
2016-11-02,731.84
2016-11-03,685.5
2016-11-04,695.14
2016-11-05,702.06
2016-11-06,708.17
2016-11-07,706.3
2016-11-08,712.28
2016-11-09,720.97
2016-11-10,711.24
2016-11-11,714.55
2016-11-12,706.49
2016-11-13,702.15
2016-11-14,705.88
2016-11-15,710.95
2016-11-16,739.35
2016-11-17,736.62
2016-11-18,745.67
2016-11-19,748.84
2016-11-20,726.56
2016-11-21,737.0
2016-11-22,747.38
2016-11-23,740.26
2016-11-24,734.79
2016-11-25,738.23
2016-11-26,735.52
2016-11-27,731.08
2016-11-28,731.91
2016-11-29,732.11
2016-11-30,742.98
2016-12-01,752.76
2016-12-02,772.32
2016-12-03,764.34
2016-12-04,764.46
2016-12-05,756.13
2016-12-06,757.73
2016-12-07,766.47
2016-12-08,769.95
2016-12-09,768.54
2016-12-10,773.63
2016-12-11,767.54
2016-12-12,777.79
2016-12-13,778.57
2016-12-14,776.78
2016-12-15,775.43
2016-12-16,781.6
2016-12-17,789.82
2016-12-18,787.0
2016-12-19,787.06
2016-12-20,794.2
2016-12-21,827.4
2016-12-22,860.13
2016-12-23,909.57
2016-12-24,893.57
2016-12-25,884.59
2016-12-26,886.95
2016-12-27,929.56
2016-12-28,969.76
2016-12-29,965.88
2016-12-30,958.4
2016-12-31,965.73
2017-01-01,1002.45
2017-01-02,1018.05
2017-01-03,1025.17
2017-01-04,1121.5
2017-01-05,984.56
2017-01-06,884.9
2017-01-07,889.08
2017-01-08,898.51
2017-01-09,892.33
2017-01-10,908.89
2017-01-11,784.77
2017-01-12,821.77
2017-01-13,827.02
2017-01-14,818.04
2017-01-15,816.49
2017-01-16,828.64
2017-01-17,900.27
2017-01-18,871.69
2017-01-19,893.85
2017-01-20,896.14
2017-01-21,922.48
2017-01-22,917.68
2017-01-23,922.55
2017-01-24,898.31
2017-01-25,893.63
2017-01-26,913.6
2017-01-27,918.68
2017-01-28,922.13
2017-01-29,915.7
2017-01-30,920.13
2017-01-31,963.04
2017-02-01,979.28
2017-02-02,1005.33
2017-02-03,1015.05
2017-02-04,1029.15
2017-02-05,1010.69
2017-02-06,1027.82
2017-02-07,1048.59
2017-02-08,1050.19
2017-02-09,974.32
2017-02-10,999.05
2017-02-11,1008.11
2017-02-12,995.35
2017-02-13,999.17
2017-02-14,1006.7
2017-02-15,1014.53
2017-02-16,1030.58
2017-02-17,1055.84
2017-02-18,1055.15
2017-02-19,1053.42
2017-02-20,1060.26
2017-02-21,1116.9
2017-02-22,1125.72
2017-02-23,1168.99
2017-02-24,1176.37
2017-02-25,1146.64
2017-02-26,1170.07
2017-02-27,1189.03
2017-02-28,1190.56
2017-03-01,1218.72
2017-03-02,1258.75
2017-03-03,1281.48
2017-03-04,1268.23
2017-03-05,1271.16
2017-03-06,1279.81
2017-03-07,1232.12
2017-03-08,1160.48
2017-03-09,1190.13
2017-03-10,1091.69
2017-03-11,1176.16
2017-03-12,1226.02
2017-03-13,1241.71
2017-03-14,1244.02
2017-03-15,1253.76
2017-03-16,1176.69
2017-03-17,1088.88
2017-03-18,952.12
2017-03-19,1038.6
2017-03-20,1053.58
2017-03-21,1118.13
2017-03-22,1028.57
2017-03-23,1028.54
2017-03-24,934.16
2017-03-25,958.99
2017-03-26,957.48
2017-03-27,1039.5
2017-03-28,1035.88
2017-03-29,1045.84
2017-03-30,1036.66
2017-03-31,1076.45
2017-04-01,1079.07
2017-04-02,1098.98
2017-04-03,1154.3
2017-04-04,1140.8
2017-04-05,1125.27
2017-04-06,1195.5
2017-04-07,1192.73
2017-04-08,1174.19
2017-04-09,1206.53
2017-04-10,1201.67
2017-04-11,1226.44
2017-04-12,1214.12
2017-04-13,1175.87
2017-04-14,1179.72
2017-04-15,1185.67
2017-04-16,1180.94
2017-04-17,1189.22
2017-04-18,1202.86
2017-04-19,1204.73
2017-04-20,1231.55
2017-04-21,1248.83
2017-04-22,1249.68
2017-04-23,1245.94
2017-04-24,1248.34
2017-04-25,1271.13
2017-04-26,1291.25
2017-04-27,1343.32
2017-04-28,1314.27
2017-04-29,1348.08
2017-04-30,1342.57
2017-05-01,1426.37
2017-05-02,1431.03
2017-05-03,1478.93
2017-05-04,1505.5
2017-05-05,1537.23
2017-05-06,1550.08
2017-05-07,1546.6
2017-05-08,1634.43
2017-05-09,1693.94
2017-05-10,1751.33
2017-05-11,1822.91
2017-05-12,1707.58
2017-05-13,1765.27
2017-05-14,1775.57
2017-05-15,1724.98
2017-05-16,1727.94
2017-05-17,1784.73
2017-05-18,1872.04
2017-05-19,1960.4
2017-05-20,2028.5
2017-05-21,2030.95
2017-05-22,2152.68
2017-05-23,2258.14
2017-05-24,2463.02
2017-05-25,2532.36
2017-05-26,2253.35
2017-05-27,2001.48
2017-05-28,2169.0
2017-05-29,2318.17
2017-05-30,2222.41
2017-05-31,2286.33
2017-06-01,2400.39
2017-06-02,2452.02
2017-06-03,2542.67
2017-06-04,2514.01
2017-06-05,2664.83
2017-06-06,2864.01
2017-06-07,2670.31
2017-06-08,2777.65
2017-06-09,2818.65
2017-06-10,2829.53
2017-06-11,2947.03
2017-06-12,2665.57
2017-06-13,2710.58
2017-06-14,2472.55
2017-06-15,2415.86
2017-06-16,2504.07
2017-06-17,2663.57
2017-06-18,2513.21
2017-06-19,2593.53
2017-06-20,2781.17
2017-06-21,2634.58
2017-06-22,2723.39
2017-06-23,2730.15
2017-06-24,2608.35
2017-06-25,2514.93
2017-06-26,2432.73
2017-06-27,2467.44
2017-06-28,2611.84
2017-06-29,2576.39
2017-06-30,2496.27
2017-07-01,2413.9
2017-07-02,2540.67
2017-07-03,2597.19
2017-07-04,2598.16
2017-07-05,2628.01
2017-07-06,2608.72
2017-07-07,2512.86
2017-07-08,2548.17
2017-07-09,2538.11
2017-07-10,2341.04
2017-07-11,2347.75
2017-07-12,2380.04
2017-07-13,2352.45
2017-07-14,2196.32
2017-07-15,2031.06
2017-07-16,1893.33
2017-07-17,2169.07
2017-07-18,2361.18
2017-07-19,2284.0
2017-07-20,2742.37
2017-07-21,2644.32
2017-07-22,2835.82
2017-07-23,2775.85
2017-07-24,2756.96
2017-07-25,2584.77
2017-07-26,2494.68
2017-07-27,2675.53
2017-07-28,2799.55
2017-07-29,2741.25
2017-07-30,2757.28
2017-07-31,2881.67
2017-08-01,2741.47
2017-08-02,2683.97
2017-08-03,2801.13
2017-08-04,2861.83
2017-08-05,3237.78
2017-08-06,3269.17
2017-08-07,3375.8
2017-08-08,3442.14
2017-08-09,3360.32
2017-08-10,3436.37
2017-08-11,3619.54
2017-08-12,3819.45
2017-08-13,4114.12
2017-08-14,4290.85
2017-08-15,4133.36
2017-08-16,4335.16
2017-08-17,4321.48
2017-08-18,4057.44
2017-08-19,4116.42
2017-08-20,4134.96
2017-08-21,4021.69
2017-08-22,4094.05
2017-08-23,4100.51
2017-08-24,4234.74
2017-08-25,4339.02
2017-08-26,4345.74
2017-08-27,4362.48
2017-08-28,4385.42
2017-08-29,4624.69
2017-08-30,4576.35
2017-08-31,4734.69
2017-09-01,4862.5
2017-09-02,4452.56
2017-09-03,4612.18
2017-09-04,4370.78
2017-09-05,4408.02
2017-09-06,4602.55
2017-09-07,4629.58
2017-09-08,4182.98
2017-09-09,4281.61
2017-09-10,4256.76
2017-09-11,4201.54
2017-09-12,4203.28
2017-09-13,3890.02
2017-09-14,3308.1
2017-09-15,3811.05
2017-09-16,3720.35
2017-09-17,3719.82
2017-09-18,4076.36
2017-09-19,3914.89
2017-09-20,3953.97
2017-09-21,3646.61
2017-09-22,3624.35
2017-09-23,3739.06
2017-09-24,3672.98
2017-09-25,3958.16
2017-09-26,3927.94
2017-09-27,4210.73
2017-09-28,4199.65
2017-09-29,4191.16
2017-09-30,4336.59
2017-10-01,4361.09
2017-10-02,4383.18
2017-10-03,4276.85
2017-10-04,4217.87
2017-10-05,4334.78
2017-10-06,4345.31
2017-10-07,4351.64
2017-10-08,4590.2
2017-10-09,4811.95
2017-10-10,4837.28
2017-10-11,4805.05
2017-10-12,5289.43
2017-10-13,5593.69
2017-10-14,5726.22
2017-10-15,5567.15
2017-10-16,5712.28
2017-10-17,5578.16
2017-10-18,5501.88
2017-10-19,5708.99
2017-10-20,5961.59
2017-10-21,6046.03
2017-10-22,5893.17
2017-10-23,5889.4
2017-10-24,5472.82
2017-10-25,5669.27
2017-10-26,5824.65
2017-10-27,5747.98
2017-10-28,5728.5
2017-10-29,6181.02
2017-10-30,6100.4
2017-10-31,6386.57
2017-11-01,6662.8
2017-11-02,7018.41
2017-11-03,7167.22
2017-11-04,7384.14
2017-11-05,7347.95
2017-11-06,6986.83
2017-11-07,7076.56
2017-11-08,7382.69
2017-11-09,7112.03
2017-11-10,6695.85
2017-11-11,6322.94
2017-11-12,5699.74
2017-11-13,6450.1
2017-11-14,6573.82
2017-11-15,7253.38
2017-11-16,7782.87
2017-11-17,7774.14
2017-11-18,7821.31
2017-11-19,8022.77
2017-11-20,8271.13
2017-11-21,7998.68
2017-11-22,8261.59
2017-11-23,8132.63
2017-11-24,8249.14
2017-11-25,8690.2
2017-11-26,9325.33
2017-11-27,9654.27
2017-11-28,9930.79
2017-11-29,9998.52
2017-11-30,9809.63
2017-12-01,10829.67
2017-12-02,10967.36
2017-12-03,11126.68
2017-12-04,11483.02
2017-12-05,11728.87
2017-12-06,13840.52
2017-12-07,16617.96
2017-12-08,15919.88
2017-12-09,14853.2
2017-12-10,14577.5
2017-12-11,16951.57
2017-12-12,17260.83
2017-12-13,16408.81
2017-12-14,16432.14
2017-12-15,17581.07
2017-12-16,19423.8
2017-12-17,19418.22
2017-12-18,18789.79
2017-12-19,17142.81
2017-12-20,16292.85
2017-12-21,15535.57
2017-12-22,14832.74
2017-12-23,14832.18
2017-12-24,13454.46
2017-12-25,13719.42
2017-12-26,15745.58
2017-12-27,15317.2
2017-12-28,14037.38
2017-12-29,14469.95
2017-12-30,12848.48
2017-12-31,13919.69
2018-01-01,13532.98
2018-01-02,14845.68
2018-01-03,14872.05
2018-01-04,15059.3
2018-01-05,16989.88
2018-01-06,17105.36
2018-01-07,16461.75
2018-01-08,14681.48
2018-01-09,14453.24
2018-01-10,14521.51
2018-01-11,13132.47
2018-01-12,13673.07
2018-01-13,14372.27
2018-01-14,13602.29
2018-01-15,13833.98
2018-01-16,11155.74
2018-01-17,11074.59
2018-01-18,11234.35
2018-01-19,11263.68
2018-01-20,12870.86
2018-01-21,11224.72
2018-01-22,10691.19
2018-01-23,11059.74
2018-01-24,11144.35
2018-01-25,11203.09
2018-01-26,10814.36
2018-01-27,11505.09
2018-01-28,11800.0
2018-01-29,11131.89
2018-01-30,10240.16
2018-01-31,10139.25
2018-02-01,9045.87
2018-02-02,8799.76
2018-02-03,9127.35
2018-02-04,8440.18
2018-02-05,6838.67
2018-02-06,7644.43
2018-02-07,7859.24
2018-02-08,8255.72
2018-02-09,8597.1
2018-02-10,8575.7
2018-02-11,8315.02
2018-02-12,8906.07
2018-02-13,8580.25
2018-02-14,9456.98
2018-02-15,10093.41
2018-02-16,10216.91
2018-02-17,10961.95
2018-02-18,10600.53
2018-02-19,11095.72
2018-02-20,11412.46
2018-02-21,10486.27
2018-02-22,9972.77
2018-02-23,10166.85
2018-02-24,9634.21
2018-02-25,9691.52
2018-02-26,10370.71
2018-02-27,10751.7
2018-02-28,10436.34
2018-03-01,10984.32
2018-03-02,11128.51
2018-03-03,11408.76
2018-03-04,11417.54
2018-03-05,11582.86
2018-03-06,10784.11
2018-03-07,9954.54
2018-03-08,9289.18
2018-03-09,9243.63
2018-03-10,8856.11
2018-03-11,9523.52
2018-03-12,9073.48
2018-03-13,9172.65
2018-03-14,8196.88
2018-03-15,8337.57
2018-03-16,8502.76
2018-03-17,8025.39
2018-03-18,8166.29
2018-03-19,8526.81
2018-03-20,8965.4
2018-03-21,8847.86
2018-03-22,8709.07
2018-03-23,8671.68
2018-03-24,8646.75
2018-03-25,8641.88
2018-03-26,7895.33
2018-03-27,8014.36
2018-03-28,7896.6
2018-03-29,7093.26
2018-03-30,6927.48
2018-03-31,6945.4
2018-04-01,6845.83
2018-04-02,7001.44
2018-04-03,7452.16
2018-04-04,6844.45
2018-04-05,6742.99
2018-04-06,6626.52
2018-04-07,6994.36
2018-04-08,7026.76
2018-04-09,6733.32
2018-04-10,6891.54
2018-04-11,6938.9
2018-04-12,7842.67
2018-04-13,7894.49
2018-04-14,8062.8
2018-04-15,8327.72
2018-04-16,8044.67
2018-04-17,7941.49
2018-04-18,8216.61
2018-04-19,8299.56
2018-04-20,8532.11
2018-04-21,8802.88
2018-04-22,8943.08
2018-04-23,8963.14
2018-04-24,9479.37
2018-04-25,9172.66
2018-04-26,9106.88
2018-04-27,8993.22
2018-04-28,9298.34
2018-04-29,9331.93
2018-04-30,9234.61
2018-05-01,9086.83
2018-05-02,9240.29
2018-05-03,9665.86
2018-05-04,9731.63
2018-05-05,9788.91
2018-05-06,9551.9
2018-05-07,9404.66
2018-05-08,9199.26
2018-05-09,9260.23
2018-05-10,9119.25
2018-05-11,8403.71
2018-05-12,8424.59
2018-05-13,8673.51
2018-05-14,8736.47
2018-05-15,8498.08
2018-05-16,8283.43
2018-05-17,8164.39
2018-05-18,8237.54
2018-05-19,8216.32
2018-05-20,8538.73
2018-05-21,8408.15
2018-05-22,8077.31
2018-05-23,7641.25
2018-05-24,7532.77
2018-05-25,7452.34
2018-05-26,7482.45
2018-05-27,7343.25
2018-05-28,7170.96
2018-05-29,7505.81
2018-05-30,7353.79
2018-05-31,7558.12
2018-06-01,7454.34
2018-06-02,7638.58
2018-06-03,7699.13
2018-06-04,7547.12
2018-06-05,7601.9
2018-06-06,7671.04
2018-06-07,7676.71
2018-06-08,7665.76
2018-06-09,7633.69
2018-06-10,6749.84
2018-06-11,6780.18
2018-06-12,6548.59
2018-06-13,6288.65
2018-06-14,6657.65
2018-06-15,6485.55
2018-06-16,6538.42
2018-06-17,6517.74
2018-06-18,6724.34
2018-06-19,6724.83
2018-06-20,6720.51
2018-06-21,6711.32
2018-06-22,6025.95
2018-06-23,6225.31
2018-06-24,6167.37
2018-06-25,6277.67
2018-06-26,6237.98
2018-06-27,6130.8
2018-06-28,5938.16
2018-06-29,5921.6
2018-06-30,6336.48
2018-07-01,6355.81
2018-07-02,6647.72
2018-07-03,6609.85
2018-07-04,6694.09
2018-07-05,6499.44
2018-07-06,6589.35
2018-07-07,6534.62
2018-07-08,6755.0
2018-07-09,6722.62
2018-07-10,6376.49
2018-07-11,6375.24
2018-07-12,6175.03
2018-07-13,6228.26
2018-07-14,6274.44
2018-07-15,6388.45
2018-07-16,6679.16
2018-07-17,7365.27
2018-07-18,7340.01
2018-07-19,7441.18
2018-07-20,7300.14
2018-07-21,7408.48
2018-07-22,7374.66
2018-07-23,7751.01
2018-07-24,8249.01
2018-07-25,8284.69
2018-07-26,7972.52
2018-07-27,8258.37
2018-07-28,8171.94
2018-07-29,8192.32
2018-07-30,8133.18
2018-07-31,7716.92
2018-08-01,7484.32
2018-08-02,7535.82
2018-08-03,7416.95
2018-08-04,6997.49
2018-08-05,7060.27
2018-08-06,6872.81
2018-08-07,6755.6
2018-08-08,6305.63
2018-08-09,6592.61
2018-08-10,6080.39
2018-08-11,6394.63
2018-08-12,6374.99
2018-08-13,6251.58
2018-08-14,6115.9
2018-08-15,6413.63
2018-08-16,6287.16
2018-08-17,6524.45
2018-08-18,6409.48
2018-08-19,6514.12
2018-08-20,6432.36
2018-08-21,6469.12
2018-08-22,6379.45
2018-08-23,6485.7
2018-08-24,6703.12
2018-08-25,6717.49
2018-08-26,6699.58
2018-08-27,6746.78
2018-08-28,7074.35
2018-08-29,7071.07
2018-08-30,6953.47
2018-08-31,7040.46
2018-09-01,7195.74
2018-09-02,7286.5
2018-09-03,7319.26
2018-09-04,7369.33
2018-09-05,6941.77
2018-09-06,6447.35
2018-09-07,6433.32
2018-09-08,6197.63
2018-09-09,6376.58
2018-09-10,6309.35
2018-09-11,6314.78
2018-09-12,6311.54
2018-09-13,6469.25
2018-09-14,6516.75
2018-09-15,6508.72
2018-09-16,6501.97
2018-09-17,6254.23
2018-09-18,6335.06
2018-09-19,6399.91
2018-09-20,6520.5
2018-09-21,6728.98
2018-09-22,6695.76
2018-09-23,6680.28
2018-09-24,6620.78
2018-09-25,6394.74
2018-09-26,6475.28
2018-09-27,6716.78
2018-09-28,6649.28
2018-09-29,6595.82
2018-09-30,6581.9
2018-10-01,6593.24
2018-10-02,6551.16
2018-10-03,6445.13
2018-10-04,6578.77
2018-10-05,6591.38
2018-10-06,6593.99
2018-10-07,6573.85
2018-10-08,6660.55
2018-10-09,6622.75
2018-10-10,6566.91
2018-10-11,6255.19
2018-10-12,6265.47
2018-10-13,6259.12
2018-10-14,6295.93
2018-10-15,6542.61
2018-10-16,6576.38
2018-10-17,6566.6
2018-10-18,6462.5
2018-10-19,6466.2
2018-10-20,6571.86
2018-10-21,6534.54
2018-10-22,6483.27
2018-10-23,6473.39
2018-10-24,6491.56
2018-10-25,6470.89
2018-10-26,6457.75
2018-10-27,6478.09
2018-10-28,6460.29
2018-10-29,6311.92
2018-10-30,6307.46
2018-10-31,6350.04
2018-11-01,6379.51
2018-11-02,6392.76
2018-11-03,6375.29
2018-11-04,6447.68
2018-11-05,6432.78
2018-11-06,6468.24
2018-11-07,6529.03
2018-11-08,6447.83
2018-11-09,6377.55
2018-11-10,6411.35
2018-11-11,6366.37
2018-11-12,6373.44
2018-11-13,6356.28
2018-11-14,5640.22
2018-11-15,5561.46
2018-11-16,5510.82
2018-11-17,5562.13
2018-11-18,5605.97
2018-11-19,4864.71
2018-11-20,4329.66
2018-11-21,4526.2
2018-11-22,4467.73
2018-11-23,4378.74
2018-11-24,3794.99
2018-11-25,3998.75
2018-11-26,3703.2
2018-11-27,3846.83
2018-11-28,4231.58
2018-11-29,4262.2
2018-11-30,3987.21
2018-12-01,4232.75
2018-12-02,4165.65
2018-12-03,3883.11
2018-12-04,3942.01
2018-12-05,3750.69
2018-12-06,3628.64
2018-12-07,3429.16
2018-12-08,3546.77
2018-12-09,3585.13
2018-12-10,3478.81
2018-12-11,3414.71
2018-12-12,3466.59
2018-12-13,3305.84
2018-12-14,3257.54
2018-12-15,3244.85
2018-12-16,3257.64
2018-12-17,3526.38
2018-12-18,3605.41
2018-12-19,3768.67
2018-12-20,4127.96
2018-12-21,3882.68
2018-12-22,3924.87
2018-12-23,4013.32
2018-12-24,4107.12
2018-12-25,3823.3
2018-12-26,3851.5
2018-12-27,3645.03
2018-12-28,3929.05
2018-12-29,3958.2
2018-12-30,3885.54
2018-12-31,3743.61
2019-01-01,3781.57
2019-01-02,3960.6
2019-01-03,3844.56
2019-01-04,3870.62
2019-01-05,3867.57
2019-01-06,4089.55
2019-01-07,4041.41
2019-01-08,4049.9
2019-01-09,4049.6
2019-01-10,3666.75
2019-01-11,3653.83
2019-01-12,3667.74
2019-01-13,3540.78
2019-01-14,3700.97
2019-01-15,3612.94
2019-01-16,3618.33
2019-01-17,3672.48
2019-01-18,3648.15
2019-01-19,3735.89
2019-01-20,3578.17
2019-01-21,3569.34
2019-01-22,3605.23
2019-01-23,3570.72
2019-01-24,3591.78
2019-01-25,3585.89
2019-01-26,3606.2
2019-01-27,3572.11
2019-01-28,3453.19
2019-01-29,3419.08
2019-01-30,3471.01
2019-01-31,3447.17
2019-02-01,3467.99
2019-02-02,3468.04
2019-02-03,3437.1
2019-02-04,3433.07
2019-02-05,3440.22
2019-02-06,3394.7
2019-02-07,3378.27
2019-02-08,3629.03
2019-02-09,3648.19
2019-02-10,3656.96
2019-02-11,3618.21
2019-02-12,3610.81
2019-02-13,3601.77
2019-02-14,3591.39
2019-02-15,3591.89
2019-02-16,3624.1
2019-02-17,3651.16
2019-02-18,3902.13
2019-02-19,3942.3
2019-02-20,3955.85
2019-02-21,3926.15
2019-02-22,3988.92
2019-02-23,4154.1
2019-02-24,3798.05
2019-02-25,3848.89
2019-02-26,3818.78
2019-02-27,3804.81
2019-02-28,3827.77
2019-03-01,3897.66
2019-03-02,3874.61
2019-03-03,3851.47
2019-03-04,3763.0
2019-03-05,3904.51
2019-03-06,3903.69
2019-03-07,3938.52
2019-03-08,3924.6
2019-03-09,3958.21
2019-03-10,3967.62
2019-03-11,3916.89
2019-03-12,3931.48
2019-03-13,3900.17
2019-03-14,3920.31
2019-03-15,3959.46
2019-03-16,4058.69
2019-03-17,4047.54
2019-03-18,4025.06
2019-03-19,4045.03
2019-03-20,4071.57
2019-03-21,4025.34
2019-03-22,4024.96
2019-03-23,4025.47
2019-03-24,4013.74
2019-03-25,3922.03
2019-03-26,3956.54
2019-03-27,4023.89
2019-03-28,4043.39
2019-03-29,4109.65
2019-03-30,4120.81
2019-03-31,4114.73
2019-04-01,4153.33
2019-04-02,4810.61
2019-04-03,5200.91
2019-04-04,4943.27
2019-04-05,5019.68
2019-04-06,5028.47
2019-04-07,5173.81
2019-04-08,5287.58
2019-04-09,5232.25
2019-04-10,5295.85
2019-04-11,5032.96
2019-04-12,5070.77
2019-04-13,5090.05
2019-04-14,5116.54
2019-04-15,5030.26
2019-04-16,5216.23
2019-04-17,5249.37
2019-04-18,5306.59
2019-04-19,5280.97
2019-04-20,5285.86
2019-04-21,5285.4
2019-04-22,5400.23
2019-04-23,5582.6
2019-04-24,5447.71
2019-04-25,5398.25
2019-04-26,5248.39
2019-04-27,5287.99
2019-04-28,5301.15
2019-04-29,5251.5
2019-04-30,5392.04
2019-05-01,5414.29
2019-05-02,5550.88
2019-05-03,5851.56
2019-05-04,5881.51
2019-05-05,5864.65
2019-05-06,5799.19
2019-05-07,5994.5
2019-05-08,6003.5
2019-05-09,6161.27
2019-05-10,6360.72
2019-05-11,7037.72
2019-05-12,7147.01
2019-05-13,8060.36
2019-05-14,7777.28
2019-05-15,8126.25
2019-05-16,7916.51
2019-05-17,7273.45
2019-05-18,7337.65
2019-05-19,8083.0
2019-05-20,8035.34
2019-05-21,7996.27
2019-05-22,7674.48
2019-05-23,7919.85
2019-05-24,8056.65
2019-05-25,8045.13
2019-05-26,8658.96
2019-05-27,8811.5
2019-05-28,8711.55
2019-05-29,8668.68
2019-05-30,8208.57
2019-05-31,8519.01
2019-06-01,8589.21
2019-06-02,8712.59
2019-06-03,8475.06
2019-06-04,7483.12
2019-06-05,7740.56
2019-06-06,7744.4
2019-06-07,7947.2
2019-06-08,7894.9
2019-06-09,7638.25
2019-06-10,7964.47
2019-06-11,7914.1
2019-06-12,8147.81
2019-06-13,8299.323
2019-06-14,8627.38
2019-06-15,8817.7
2019-06-16,9070.8
2019-06-17,9322.4
2019-06-18,8965.8
2019-06-19,9302.8
2019-06-20,9532.0
2019-06-21,9917.2
2019-06-22,10611.0
2019-06-23,11089.866
2019-06-24,11023.0
2019-06-25,11558.0
2019-06-26,12399.0
2019-06-27,10950.0
2019-06-28,12275.52
2019-06-29,11958.0
2019-06-30,11220.0
2019-07-01,10581.045
2019-07-02,10714.0
2019-07-03,11445.0
2019-07-04,11614.72
2019-07-05,11109.0
2019-07-06,11176.0
2019-07-07,11569.0
2019-07-08,12304.75
2019-07-09,12593.0
2019-07-10,11920.493
2019-07-11,11308.0
2019-07-12,11792.55
2019-07-13,10978.0
2019-07-14,10628.061
2019-07-15,10756.0
2019-07-16,9579.356
2019-07-17,9843.9
2019-07-18,10592.0
2019-07-19,10574.46
2019-07-20,10959.0
2019-07-21,10610.0
2019-07-22,10225.0
2019-07-23,10132.209
2019-07-24,9799.102
2019-07-25,9871.98
2019-07-26,9837.68
2019-07-27,9502.7
2019-07-28,9357.2
2019-07-29,9491.8
2019-07-30,9590.0
2019-07-31,10050.0
2019-08-01,10432.282
2019-08-02,10426.0
2019-08-03,10822.0
2019-08-04,10964.0
2019-08-05,11806.0
2019-08-06,11344.0
2019-08-07,11939.49
2019-08-08,11758.38
2019-08-09,11986.0
2019-08-10,11319.0
2019-08-11,11525.944
2019-08-12,11415.0
2019-08-13,10889.43
2019-08-14,10205.0
2019-08-15,10396.0
2019-08-16,10474.93
2019-08-17,10165.751
2019-08-18,10442.88
2019-08-19,10752.0
2019-08-20,10780.47
2019-08-21,10092.0
2019-08-22,10187.0
2019-08-23,10440.45
2019-08-24,10076.65
2019-08-25,9962.909
2019-08-26,10302.02
2019-08-27,10124.49
2019-08-28,9715.9
2019-08-29,9513.44
2019-08-30,9607.0
2019-08-31,9656.71
2019-09-01,9729.49
2019-09-02,10428.0
2019-09-03,10710.97
2019-09-04,10691.0
2019-09-05,10580.0
2019-09-06,10412.0
2019-09-07,10529.0
2019-09-08,10424.16
2019-09-09,10307.93
2019-09-10,10136.0
2019-09-11,10172.18
2019-09-12,10444.0
2019-09-13,10291.41
2019-09-14,10411.31
2019-09-15,10334.0
2019-09-16,10324.0
2019-09-17,10251.0
2019-09-18,10216.68
2019-09-19,10290.0
2019-09-20,10146.09
2019-09-21,9982.34
2019-09-22,10066.0
2019-09-23,9714.1
2019-09-24,8703.3
2019-09-25,8657.8
2019-09-26,8065.93
2019-09-27,8246.3
2019-09-28,8145.5
2019-09-29,8070.206
2019-09-30,8292.8
2019-10-01,8315.0
2019-10-02,8275.972
2019-10-03,8180.51
2019-10-04,8215.4
2019-10-05,8181.0
2019-10-06,7930.643
2019-10-07,8252.5
2019-10-08,8191.6
2019-10-09,8641.7
2019-10-10,8588.97
2019-10-11,8346.0
2019-10-12,8360.6
2019-10-13,8269.1
2019-10-14,8328.76
2019-10-15,8162.61
2019-10-16,8003.5
2019-10-17,8089.69
2019-10-18,7985.6
2019-10-19,7990.2
2019-10-20,8256.7
2019-10-21,8226.121
2019-10-22,8112.42
2019-10-23,7457.326
2019-10-24,7462.83
2019-10-25,8642.3
2019-10-26,9424.1
2019-10-27,9627.6
2019-10-28,9477.7
2019-10-29,9435.786
2019-10-30,9198.733
2019-10-31,9164.12
2019-11-01,9293.5
2019-11-02,9316.817
2019-11-03,9206.053
2019-11-04,9436.66
2019-11-05,9370.5
2019-11-06,9335.2
2019-11-07,9250.0
2019-11-08,8860.2
2019-11-09,8811.2
2019-11-10,9070.03
2019-11-11,8754.0
2019-11-12,8771.19
2019-11-15,8484.4
2019-11-16,8509.942
2019-11-17,8579.6
2019-11-18,8263.6
2019-11-19,8167.6
2019-11-20,8147.1
2019-11-21,7638.3
2019-11-22,7378.4
2019-11-23,7310.3
2019-11-24,7061.1
2019-11-25,7264.7
2019-11-26,7135.2
2019-11-27,7550.0
2019-11-28,7593.5
2019-11-29,7754.0
2019-11-30,7601.0
2019-12-01,7408.7
2019-12-02,7362.1
2019-12-03,7365.8
2019-12-04,7217.9
2019-12-05,7413.9
2019-12-06,7525.5
2019-12-09,7359.72
2019-12-10,7239.68
2019-12-11,7211.84
2019-12-12,7218.77
2019-12-13,7256.92
2019-12-14,7095.56
2019-12-15,7144.64
2019-12-16,6926.693
2019-12-17,6642.84
2019-12-18,7161.53
2019-12-19,7163.39
2019-12-20,7211.75
2019-12-21,7156.16
2019-12-22,7408.64
2019-12-23,7317.91
2019-12-24,7248.59
2019-12-25,7206.7
2019-12-26,7182.96
2019-12-27,7248.24
2019-12-28,7317.08
2019-12-29,7428.39
2019-12-30,7262.49
2019-12-31,7177.49
2020-01-01,7234.55
2020-01-02,6980.88
2020-01-03,7283.05
2020-01-04,7351.82
2020-01-05,7368.93
2020-01-06,7596.82
2020-01-07,8053.0
2020-01-08,8004.62
2020-01-09,7808.78
2020-01-10,8037.12
2020-01-11,8058.16
2020-01-12,8105.2
2020-01-13,8129.917
2020-01-14,8707.3
2020-01-15,8819.54
2020-01-16,8689.56
2020-01-17,8904.53
2020-01-18,8914.69
2020-01-19,8716.77
2020-01-20,8684.16
2020-01-21,8723.83
2020-01-22,8645.71
2020-01-23,8391.91
2020-01-24,8504.1
2020-01-25,8388.39
2020-01-26,8599.99
2020-01-27,8952.25
2020-01-28,9059.5
2020-01-29,9356.38
2020-01-30,9545.47
2020-01-31,9362.4
2020-02-01,9378.32
2020-02-02,9444.47
2020-02-03,9293.22
2020-02-04,9148.07
2020-02-05,9676.83
2020-02-06,9727.18
2020-02-07,9725.1
2020-02-08,9916.82
2020-02-09,10066.78
2020-02-10,9862.15
2020-02-11,10241.02
2020-02-12,10377.0
2020-02-13,10183.61
2020-02-14,10339.67
2020-02-15,9922.64
2020-02-16,9772.75
2020-02-17,9652.11
2020-02-18,10138.13
2020-02-19,9564.7
2020-02-20,9626.48
2020-02-21,9665.91
2020-02-22,9691.98
2020-02-23,9885.44
2020-02-24,9609.68
2020-02-25,9380.29
2020-02-26,8737.936
2020-02-27,8726.79
2020-02-28,8683.6
2020-02-29,8645.4
2020-03-01,8533.27
2020-03-02,8940.95
2020-03-03,8742.96
2020-03-04,8746.82
2020-03-05,9123.33
2020-03-06,9148.45
2020-03-07,8907.77
2020-03-08,8278.27
2020-03-09,7859.87
2020-03-10,8009.57
2020-03-11,7828.3
2020-03-12,5775.5
2020-03-13,5534.2
2020-03-14,5342.671
2020-03-15,5934.92
2020-03-16,5001.47
2020-03-17,5450.36
2020-03-18,5402.32
2020-03-19,6275.77
2020-03-20,6233.12
2020-03-21,6189.03
2020-03-22,6051.33
2020-03-23,6470.66
2020-03-24,6705.1
2020-03-25,6622.97
2020-03-26,6736.29
2020-03-27,6681.94
2020-03-28,6237.64
2020-03-29,5911.77
2020-03-30,6567.9
2020-03-31,6453.98
2020-04-01,6389.33
2020-04-02,6838.23
2020-04-03,6740.04
2020-04-04,6882.99
2020-04-05,6793.44
2020-04-06,7307.11
2020-04-07,7179.54
2020-04-08,7332.78
2020-04-09,7315.8
2020-04-10,6908.19
2020-04-11,6877.99
2020-04-12,7143.99
2020-04-13,6872.09
2020-04-14,6854.14
2020-04-15,6741.31
2020-04-16,7119.33
2020-04-17,7061.62
2020-04-18,7228.55
2020-04-19,7199.67
2020-04-20,6856.04
2020-04-21,6908.24
2020-04-22,7101.5
2020-04-23,7607.3
2020-04-24,7508.24
2020-04-25,7529.33
2020-04-26,7635.55
2020-04-27,7730.21
2020-04-28,7734.29
2020-04-29,8834.2
2020-04-30,8766.9
2020-05-01,8849.5
2020-05-02,8811.69
2020-05-03,8861.16
2020-05-04,8964.45
2020-05-05,8976.595
2020-05-06,9316.17
2020-05-07,9914.5
2020-05-08,9997.8
2020-05-09,9613.901
2020-05-10,8758.96
2020-05-11,8597.95
2020-05-12,8786.08
2020-05-13,9339.66
2020-05-14,9800.71
2020-05-15,9426.19
2020-05-16,9376.4
2020-05-17,9749.72
2020-05-18,9671.27
2020-05-19,9676.866
2020-05-20,9543.89
2020-05-21,9119.45
2020-05-22,9213.48
2020-05-23,9228.6
2020-05-24,9058.62
2020-05-25,8905.87
2020-05-26,8850.5
2020-05-27,9065.37
2020-05-28,9439.91
2020-05-29,9388.55
2020-05-30,9485.64
2020-05-31,9464.1
2020-06-01,9667.99
2020-06-02,9526.17
2020-06-03,9584.48
2020-06-04,9775.71
2020-06-05,9662.34
2020-06-06,9695.53
2020-06-07,9711.8
2020-06-08,9719.9
2020-06-09,9817.18
2020-06-10,9861.6
2020-06-11,9346.07
2020-06-12,9449.4
2020-06-13,9431.7
2020-06-14,9329.23
2020-06-15,9461.84
2020-06-16,9504.95
2020-06-17,9411.13
2020-06-18,9367.79
2020-06-19,9339.0
2020-06-20,9351.55
2020-06-21,9322.817
2020-06-22,9676.26
2020-06-23,9650.12
2020-06-24,9268.43
2020-06-25,9298.37
2020-06-26,9175.12
2020-06-27,9068.43
2020-06-28,9126.18
2020-06-29,9229.98
2020-06-30,9164.2
2020-07-01,9240.45
2020-07-02,9140.45
2020-07-03,9099.61
2020-07-04,9134.0
2020-07-05,9040.87
2020-07-06,9277.34
2020-07-07,9248.61
2020-07-08,9437.3
2020-07-09,9257.16
2020-07-10,9220.22
2020-07-11,9223.69
2020-07-12,9283.926
2020-07-13,9244.35
2020-07-14,9245.95
2020-07-15,9228.4
2020-07-16,9130.82
2020-07-17,9161.5
2020-07-18,9188.188
2020-07-19,9182.26
2020-07-20,9174.82
2020-07-21,9389.91
2020-07-22,9386.56
2020-07-23,9620.09
2020-07-24,9603.63
2020-07-25,9704.69
2020-07-26,9896.67
2020-07-27,11126.76
2020-07-28,11030.07
2020-07-29,11312.22
2020-07-30,11101.1
2020-07-31,11406.67
2020-08-01,11763.8
2020-08-02,11131.86
2020-08-03,11209.81
2020-08-04,11242.27
2020-08-05,11779.94
2020-08-06,11741.7
2020-08-07,11585.267
2020-08-08,11768.12
2020-08-09,11648.84
2020-08-10,11828.998
2020-08-11,11279.95
2020-08-12,11511.85
2020-08-13,11733.0
2020-08-14,11761.91
2020-08-15,11924.36
2020-08-16,11865.23
2020-08-17,12334.34
2020-08-18,12078.93
2020-08-19,11716.75
2020-08-20,11830.82
2020-08-21,11535.49
2020-08-22,11692.0
2020-08-23,11678.0
2020-08-24,11765.85
2020-08-25,11340.92
2020-08-26,11471.77
2020-08-27,11334.0
2020-08-28,11496.26
2020-08-29,11532.0
2020-08-30,11612.46
2020-08-31,11635.0
2020-09-01,12030.09
2020-09-02,11391.49
2020-09-03,10742.71
2020-09-04,10547.98
2020-09-05,10113.0
2020-09-06,10330.61
2020-09-07,10178.83
2020-09-08,10025.72
2020-09-09,10242.52
2020-09-10,10352.33
2020-09-11,10358.0
2020-09-12,10458.9
2020-09-13,10302.76
2020-09-14,10726.13
2020-09-15,10880.0
2020-09-16,11007.9
2020-09-17,10963.35
2020-09-18,10942.94
2020-09-19,11088.0
2020-09-21,10507.11
2020-09-22,10571.873
2020-09-23,10256.3
2020-09-24,10656.18
2020-09-25,10663.18
2020-09-28,10886.58
2020-09-29,10790.0
2020-09-30,10710.61
2020-10-01,10590.92
2020-10-02,10488.8
2020-10-03,10577.91
2020-10-04,10655.84
2020-10-05,10756.0
2020-10-06,10575.07
2020-10-07,10660.28
2020-10-08,10888.67
2020-10-09,11069.971
2020-10-10,11373.61
2020-10-11,11318.64
2020-10-12,11698.45
2020-10-13,11471.0
2020-10-14,11386.33
2020-10-15,11511.24
2020-10-16,11343.96
2020-10-17,11352.0
2020-10-18,11460.91
2020-10-19,11753.8
2020-10-20,11933.81
2020-10-21,12927.04
2020-10-22,13163.81
2020-10-23,12930.88
2020-10-24,13086.19
2020-10-25,13042.14
2020-10-26,13035.8
2020-10-27,13697.46
2020-10-28,13200.56
2020-10-29,13518.5
2020-10-30,13574.19
2020-10-31,13848.25
2020-11-01,13820.85
2020-11-02,13619.0
2020-11-03,13733.78
2020-11-04,14020.55
2020-11-05,15207.425
2020-11-06,15488.0
2020-11-07,14816.79
2020-11-08,15378.0
2020-11-09,15356.64
2020-11-10,15401.72
2020-11-11,15833.88
2020-11-12,16156.66
2020-11-13,16301.04
2020-11-14,16016.83
2020-11-15,15858.06
2020-11-16,16711.73
2020-11-17,17607.57
2020-11-18,17784.58
2020-11-19,17940.72
2020-11-20,18582.5
2020-11-21,18636.56
2020-11-22,18562.43
2020-11-23,18409.91
2020-11-24,18858.86
2020-11-25,18836.09
2020-11-26,17116.3
2020-11-27,17044.66
2020-11-28,17770.14
2020-11-29,18246.56
2020-11-30,19350.48
2020-12-01,19129.44
2020-12-02,19158.31
2020-12-03,19462.5
2020-12-04,18827.89
2020-12-05,19006.89
2020-12-06,19254.17
2020-12-07,19091.16
2020-12-08,18777.83
2020-12-09,18518.38
2020-12-10,18367.53
2020-12-11,18156.83
2020-12-12,18803.46
2020-12-13,19177.11
2020-12-14,19198.54
2020-12-15,19426.84
2020-12-16,21248.92
2020-12-17,22806.4
2020-12-18,22924.65
2020-12-19,23997.17
2020-12-20,23212.45
2020-12-21,23106.84
2020-12-22,23402.2
2020-12-23,23330.9
2020-12-24,23402.04
2020-12-25,24409.05
2020-12-26,26624.72
2020-12-27,26375.66
2020-12-28,26612.9
2020-12-29,26874.69
2020-12-30,28895.86
2020-12-31,28985.79
2021-01-01,29234.2
2021-01-02,31716.41
2021-01-03,33577.25
2021-01-04,31020.21
2021-01-05,33792.92
2021-01-06,35864.54
2021-01-07,39654.2
2021-01-08,39987.44
2021-01-09,40794.17
2021-01-10,38496.68
2021-01-11,33867.21
2021-01-12,34826.01
2021-01-13,37773.0
2021-01-14,38665.92
2021-01-15,36339.14
2021-01-16,35733.45
2021-01-17,36609.17
2021-01-18,36430.77
2021-01-19,36400.0
2021-01-20,34871.95
2021-01-21,30915.02
2021-01-22,33400.45
2021-01-23,31970.44
2021-01-24,31843.4
2021-01-25,32620.46
2021-01-26,31996.95
2021-01-27,31015.94
2021-01-28,33386.88
2021-01-29,34788.31
2021-01-30,34710.63
2021-01-31,32731.98
2021-02-01,33572.84
2021-02-02,35678.02
2021-02-03,37328.8
2021-02-04,37569.71
2021-02-05,37860.96
2021-02-06,40018.24
2021-02-07,38575.59
2021-02-08,44600.0
2021-02-09,47041.89
2021-02-10,45032.72
2021-02-11,47053.89
2021-02-12,47939.23
2021-02-13,47239.03
2021-02-14,48839.01
2021-02-15,47924.07
2021-02-16,48612.32
2021-02-17,52350.01
2021-02-18,52070.62
2021-02-19,55486.3
2021-02-20,56311.13
2021-02-21,57373.06
2021-02-22,54785.97
2021-02-23,47975.62
2021-02-24,48630.09
2021-02-25,48144.12
2021-02-26,45579.97
2021-02-27,46768.23
2021-02-28,45283.56
2021-03-01,48800.99
2021-03-02,47417.47
2021-03-03,50797.94
2021-03-04,47991.8
2021-03-05,49185.39
2021-03-06,48680.0
2021-03-07,50075.11
2021-03-08,51913.63
2021-03-09,54425.92
2021-03-10,57060.12
2021-03-11,57787.27
2021-03-12,57091.65
2021-03-13,61123.5
2021-03-14,60127.74
2021-03-15,56844.62
2021-03-16,56617.23
2021-03-17,58607.57
2021-03-18,57894.59
2021-03-19,58577.98
2021-03-20,58736.12
2021-03-21,58120.42
2021-03-22,54393.04
2021-03-23,54542.51
2021-03-24,53495.47
2021-03-25,52442.24
2021-03-26,54606.36
2021-03-27,56493.6
2021-03-28,55122.48
2021-03-29,57505.02
2021-03-30,58756.28
2021-03-31,58901.26
2021-04-01,58774.0
2021-04-02,58740.1
2021-04-03,57555.79
2021-04-04,58079.96
2021-04-05,58769.86
2021-04-06,57813.16
2021-04-07,57661.76
2021-04-08,57678.62
2021-04-09,58256.65
2021-04-10,59151.42
2021-04-11,59553.26
2021-04-12,59934.89
2021-04-13,63169.01
2021-04-14,62642.29
2021-04-15,63375.03
2021-04-16,61826.19
2021-04-17,60810.0
2021-04-18,56374.57
2021-04-19,56303.49
2021-04-20,57072.31
2021-04-21,54721.48
2021-04-22,51577.63
2021-04-23,50484.15
2021-04-24,50945.24
2021-04-25,47616.14
2021-04-26,53359.37
2021-04-27,55265.91
2021-04-28,54857.92
2021-04-29,53346.57
2021-04-30,57049.25
2021-05-01,57491.07
2021-05-02,56710.68
2021-05-03,57166.16
2021-05-04,54437.23
2021-05-05,56911.87
2021-05-06,56271.77
2021-05-07,57392.5
2021-05-08,58849.03
2021-05-09,58222.69
2021-05-10,55657.88
2021-05-11,56670.11
2021-05-12,54733.39
2021-05-13,49427.24
2021-05-14,49795.37
2021-05-15,48463.45
2021-05-16,45357.75
2021-05-17,43809.76
2021-05-18,43037.74
2021-05-19,38887.01
2021-05-20,40717.07
2021-05-21,36407.95
2021-05-22,38213.39
2021-05-23,34245.7
2021-05-24,38508.07
2021-05-25,38067.12
2021-05-26,39028.51
2021-05-27,38962.47
2021-05-28,35007.93
2021-05-29,34625.98
2021-05-30,35918.78
2021-05-31,36936.63
2021-06-01,36392.97
2021-06-02,37770.01
2021-06-03,38738.45
2021-06-04,37269.39
2021-06-05,35017.12
2021-06-06,35926.16
2021-06-07,34146.25
2021-06-08,33535.71
2021-06-09,36621.67
2021-06-10,36629.66
2021-06-11,36913.58
2021-06-12,35848.8
2021-06-13,38914.79
2021-06-14,40258.66
2021-06-15,40031.93
2021-06-16,38759.76
2021-06-17,37766.5
2021-06-18,35646.35
2021-06-19,35867.54
2021-06-20,35685.29
2021-06-21,31780.93
2021-06-22,32559.62
2021-06-23,33290.22
2021-06-24,34801.31
2021-06-25,31901.75
2021-06-26,31394.56
2021-06-27,32838.66
2021-06-28,34587.35
2021-06-29,36212.63
2021-06-30,34808.17
2021-07-01,33512.55
2021-07-02,33476.8
2021-07-03,34561.13
2021-07-04,35878.37
2021-07-05,34169.0
2021-07-06,33790.8
2021-07-07,34218.21
2021-07-08,32696.14
2021-07-09,33909.31
2021-07-10,33429.75
2021-07-11,34534.31
2021-07-12,32878.57
2021-07-13,32550.0
2021-07-14,32867.87
2021-07-15,31719.83
2021-07-16,31748.09
2021-07-17,31718.44
2021-07-18,31871.31
2021-07-19,30733.75
2021-07-20,29692.97
2021-07-21,31823.47
2021-07-22,32191.27
2021-07-23,32640.35
2021-07-24,34121.61
2021-07-25,34555.11
2021-07-26,37017.37
2021-07-27,38280.33
2021-07-28,40140.08
2021-07-29,39573.03
2021-07-30,41191.18
2021-07-31,41954.95
2021-08-01,41091.09
2021-08-02,39214.93
2021-08-03,38370.74
2021-08-04,39863.36
2021-08-05,40955.35
2021-08-06,42523.39
2021-08-07,43709.76
2021-08-08,44234.0
2021-08-09,45777.24
2021-08-10,45765.37
2021-08-11,46287.22
2021-08-12,44270.33
2021-08-13,47616.71
2021-08-14,47047.6
2021-08-15,46957.79
2021-08-16,46043.88
2021-08-17,44774.99
2021-08-18,44549.96
2021-08-19,46652.26
2021-08-20,49264.8
2021-08-21,49224.44
2021-08-22,48652.56
2021-08-23,49512.88
2021-08-24,48182.89
2021-08-25,49158.85
2021-08-26,47307.75
2021-08-27,48998.23
2021-08-28,48977.22
2021-08-29,48958.3
2021-08-30,48419.24
2021-08-31,46933.13
2021-09-01,48487.83
2021-09-02,49812.8
2021-09-03,50146.75
2021-09-04,50283.74
2021-09-05,51621.55
2021-09-06,52125.04
2021-09-07,46472.17
2021-09-08,45998.41
2021-09-09,46480.24
2021-09-10,44609.06
2021-09-11,45340.94
2021-09-12,45306.19
2021-09-13,45175.17
2021-09-14,46604.8
2021-09-15,48176.12
2021-09-16,47686.49
2021-09-17,47375.22
2021-09-18,48037.83
2021-09-19,47449.18
2021-09-20,43551.68
2021-09-21,41354.89
2021-09-22,43350.51
2021-09-23,44770.05
2021-09-24,42959.84
2021-09-25,42687.1
2021-09-27,43067.58
2021-09-28,41862.19
2021-09-29,41253.6
2021-09-30,43783.66
2021-10-01,48318.58
2021-10-02,48211.84
2021-10-03,48015.35
2021-10-04,48930.3
2021-10-05,51650.24
2021-10-06,55199.42
2021-10-07,54187.46
2021-10-08,54216.39
2021-10-09,54801.63
2021-10-10,54705.27
2021-10-11,57203.58
2021-10-12,56170.81
2021-10-13,57553.01
2021-10-14,57674.88
2021-10-15,61430.46
2021-10-16,60839.46
2021-10-17,60828.07
2021-10-18,61812.15
2021-10-19,64157.76
2021-10-20,65812.9
2021-10-21,62889.22
2021-10-22,60331.49
2021-10-23,61162.79
2021-10-24,61014.87
2021-10-25,62743.52
2021-10-26,60366.83
2021-10-27,58816.12
2021-10-28,60905.9
2021-10-29,62374.72
2021-10-30,61505.7
2021-10-31,61515.53
2021-11-01,60818.17
2021-11-02,63015.17
2021-11-03,63175.52
2021-11-04,61415.86
2021-11-05,61082.27
2021-11-06,61512.86
2021-11-07,63000.27
2021-11-08,66161.63
2021-11-09,67687.73
2021-11-10,63991.41
2021-11-11,65052.83
2021-11-12,64155.21
2021-11-13,64352.16
2021-11-14,64333.06
2021-11-15,63838.89
2021-11-16,60515.95
2021-11-17,60084.34
2021-11-18,57645.09
2021-11-19,57921.28
2021-11-20,59704.98
2021-11-21,58852.19
2021-11-22,56302.98
2021-11-23,57710.03
2021-11-24,57370.21
2021-11-25,58835.14
2021-11-26,53932.78
2021-11-27,54686.25
2021-11-28,56479.04
2021-11-29,58351.83
2021-11-30,57183.41
2021-12-01,57043.19
2021-12-02,56806.76
2021-12-03,53560.27
2021-12-04,48719.19
2021-12-05,49235.82
2021-12-06,50190.42
2021-12-07,50550.32
2021-12-08,50593.32
2021-12-09,48042.96
2021-12-10,48015.13
2021-12-11,48806.26
2021-12-12,49969.88
2021-12-13,46804.4
2021-12-14,48361.47
2021-12-15,49223.48
2021-12-16,48145.37
2021-12-17,46953.69
2021-12-18,46960.58
2021-12-19,46690.33
2021-12-20,47074.71
2021-12-21,49071.91
2021-12-22,49061.69
2021-12-23,50852.34
2021-12-24,50851.35
2021-12-25,50994.41
2021-12-26,50878.31
2021-12-27,51057.26
2021-12-28,47604.4
2021-12-29,47185.85
2021-12-30,47241.45
2021-12-31,46353.08
2022-01-01,47349.6
2022-01-02,47093.37
2022-01-03,45990.03
2022-01-04,46163.32
2022-01-05,43661.45
2022-01-06,43120.19
2022-01-07,41845.18
2022-01-08,41802.79
2022-01-09,42315.81
2022-01-10,41757.92
2022-01-11,42708.55
2022-01-12,43795.16
2022-01-13,42833.85
2022-01-14,43324.35
2022-01-15,43359.35
2022-01-16,43024.83
2022-01-17,41712.02
2022-01-18,42404.29
2022-01-19,41744.14
2022-01-20,41108.86
2022-01-21,36884.73
2022-01-22,35344.0
2022-01-23,35341.28
2022-01-24,36776.68
2022-01-25,36622.0
2022-01-26,36377.43
2022-01-27,36147.65
2022-01-28,37850.29
2022-01-29,38404.24
2022-01-30,37785.16
2022-01-31,38440.16
2022-02-01,38828.54
2022-02-02,37021.46
2022-02-03,36929.79
2022-02-04,40623.38
2022-02-05,41665.26
2022-02-06,41718.77
2022-02-07,44095.36
2022-02-08,44267.24
2022-02-09,44566.16
2022-02-10,43733.6
2022-02-11,42595.36
2022-02-12,41943.03
2022-02-13,42239.56
2022-02-14,42287.8
2022-02-15,44013.61
2022-02-16,44086.33
2022-02-17,40739.92
2022-02-18,40049.51
2022-02-19,39948.64
2022-02-20,38300.46
2022-02-21,37249.9
2022-02-22,37895.75
2022-02-23,37567.81
2022-02-24,38404.98
2022-02-25,38935.47
2022-02-26,39418.04
2022-02-27,37444.26
2022-02-28,41678.71
2022-03-01,43861.95
2022-03-02,44141.62
2022-03-03,42295.97
2022-03-04,39397.54
2022-03-05,39393.22
2022-03-06,39012.6
2022-03-07,37840.49
2022-03-08,38570.52
2022-03-09,41884.29
2022-03-10,39335.87
2022-03-11,38902.48
2022-03-12,39106.59
2022-03-13,38737.58
2022-03-14,38737.34
2022-03-15,39690.71
2022-03-16,41115.85
2022-03-17,41027.54
2022-03-18,41827.09
2022-03-19,42151.85
2022-03-20,41371.95
2022-03-21,41294.33
2022-03-22,42840.81
2022-03-23,42404.2
2022-03-24,44015.18
2022-03-25,44493.86
2022-03-26,44462.5
2022-03-27,46527.78
2022-03-28,47619.55
2022-03-29,47314.78
2022-03-30,47018.79
2022-03-31,45804.53
2022-04-01,46351.09
2022-04-02,46277.5
2022-04-03,46824.19
2022-04-04,46489.1
2022-04-05,45961.33
2022-04-06,43829.82
2022-04-07,43542.16
2022-04-08,42640.32
2022-04-09,42591.77
2022-04-10,42656.99
2022-04-11,39386.43
2022-04-12,39650.24
2022-04-13,41208.88
2022-04-14,39958.05
2022-04-15,40399.6
2022-04-16,40521.31
2022-04-17,40182.03
2022-04-18,40819.7
2022-04-19,41315.61
2022-04-20,41502.26
2022-04-21,40709.27
2022-04-22,39617.18
2022-04-23,39915.93
2022-04-24,39669.35
2022-04-25,40227.83
2022-04-26,38307.94
2022-04-27,39229.48
2022-04-28,39799.77
2022-04-29,38542.64
2022-04-30,38307.4
2022-05-01,38351.66
2022-05-02,38665.03
2022-05-03,37778.08
2022-05-04,39746.85
2022-05-05,36450.95
2022-05-06,35984.57
2022-05-07,35123.18
2022-05-08,34417.89
2022-05-09,30703.33
2022-05-10,30682.39
2022-05-11,28914.04
2022-05-12,28395.07
2022-05-13,29962.95
2022-05-14,29683.92
2022-05-15,31157.59
2022-05-16,30137.46
2022-05-17,30506.86
2022-05-18,29135.94
2022-05-19,30182.05
2022-05-20,29122.7
2022-05-21,29319.55
2022-05-22,30088.76
2022-05-23,29224.81
2022-05-24,29529.48
2022-05-25,29842.07
2022-05-26,29527.28
2022-05-27,28680.94
2022-05-28,28956.09
2022-05-29,29241.14
2022-05-30,31846.8
2022-05-31,31680.2
2022-06-01,29515.4
2022-06-02,30334.66
2022-06-03,29776.11
2022-06-04,29818.44
2022-06-05,29951.75
2022-06-06,31474.92
2022-06-07,31423.7
2022-06-08,30356.82
2022-06-09,30098.92
2022-06-10,29249.62
2022-06-11,28545.05
2022-06-12,27271.5
2022-06-13,23078.93
2022-06-14,21493.68
2022-06-15,22294.29
2022-06-16,20650.79
2022-06-17,20530.82
2022-06-18,18442.85
2022-06-19,20413.54
2022-06-20,20367.49
2022-06-21,20925.85
2022-06-22,19964.98
2022-06-23,20676.12
2022-06-24,21361.81
2022-06-25,21503.79
2022-06-26,21329.3
2022-06-27,20788.87
2022-06-28,20366.09
2022-06-29,20268.43
2022-06-30,18807.26
2022-07-01,19351.03
2022-07-02,19328.69
2022-07-03,19281.4
2022-07-04,19899.71
2022-07-05,20327.35
2022-07-06,20343.03
2022-07-07,21666.52
2022-07-08,21730.27
2022-07-09,21718.39
2022-07-10,20975.95
2022-07-11,20174.6
2022-07-12,19332.46
2022-07-13,19932.4
2022-07-14,20484.86
2022-07-15,20952.99
2022-07-16,21191.27
2022-07-17,21060.19
2022-07-18,21646.69
2022-07-19,23622.22
2022-07-20,23576.77
2022-07-21,23188.8
2022-07-22,22733.66
2022-07-23,22255.3
2022-07-24,22787.86
2022-07-25,22015.88
2022-07-26,20935.57
2022-07-27,22707.92
2022-07-28,23880.15
2022-07-29,23796.72
2022-07-30,23687.46
2022-07-31,23564.14
2022-08-01,23064.27
2022-08-02,23110.59
2022-08-03,23255.19
2022-08-04,22515.66
2022-08-05,23142.31
2022-08-06,23186.11
2022-08-07,23294.56
2022-08-08,23848.73
2022-08-09,23186.21
2022-08-10,23979.81
2022-08-11,24202.58
2022-08-12,24110.77
2022-08-13,24500.52
2022-08-14,24338.39
2022-08-15,24015.63
2022-08-16,23918.74
2022-08-17,23320.47
2022-08-18,23360.97
2022-08-19,21086.56
2022-08-20,21131.28
2022-08-21,21413.28
2022-08-22,21130.89
2022-08-23,21483.32
2022-08-24,21633.1
2022-08-25,21583.63
2022-08-26,20628.67
2022-08-27,19923.82
2022-08-28,19970.28
2022-08-29,20213.6
2022-08-30,19847.13
2022-08-31,20245.55
2022-09-01,20138.04
2022-09-02,19993.06
2022-09-03,19769.07
2022-09-04,19861.56
2022-09-05,19734.97
2022-09-06,18970.23
2022-09-07,19399.53
2022-09-08,19324.06
2022-09-09,21236.38
2022-09-10,21610.24
2022-09-11,21569.28
2022-09-12,22353.71
2022-09-13,20126.4
2022-09-14,20154.43
2022-09-15,19800.84
2022-09-16,19730.58
2022-09-17,20055.7
2022-09-18,19478.13
2022-09-19,19549.99
2022-09-20,18907.22
2022-09-21,18446.48
2022-09-22,19198.23
2022-09-23,19020.38
2022-09-24,18928.51
2022-09-25,18714.04
2022-09-26,19111.82
2022-09-27,19003.32
2022-09-28,19609.63
2022-09-29,19467.26
2022-09-30,19296.66
2022-10-01,19280.9
2022-10-02,19155.91
2022-10-03,19551.92
2022-10-04,20308.33
2022-10-05,20066.72
2022-10-06,19916.98
2022-10-07,19558.26
2022-10-08,19285.2
2022-10-09,19451.88
2022-10-10,19203.66
2022-10-11,18996.38
2022-10-12,19193.18
2022-10-13,19418.41
2022-10-14,19117.08
2022-10-15,19066.12
2022-10-16,19167.8
2022-10-17,19559.69
2022-10-18,19281.57
2022-10-19,19182.16
2022-10-20,19087.8
2022-10-21,19168.51
2022-10-22,19193.29
2022-10-23,19617.59
2022-10-24,19345.82
2022-10-25,20174.56
2022-10-26,20735.7
2022-10-27,20410.96
2022-10-28,20600.29
2022-10-29,20848.71
2022-10-30,20631.52
2022-10-31,20428.09
2022-11-01,20480.58
2022-11-02,20164.72
2022-11-03,20261.1
2022-11-04,21161.93
2022-11-05,21332.49
2022-11-06,21130.43
2022-11-07,20666.09
2022-11-08,18649.01
2022-11-09,15790.01
2022-11-10,17793.69
2022-11-11,16801.24
2022-11-12,16794.21
2022-11-13,16337.91
2022-11-14,16409.58
2022-11-15,16867.08
2022-11-16,16538.33
2022-11-17,16677.75
2022-11-18,16628.17
2022-11-19,16687.9
2022-11-20,16189.51
2022-11-21,15670.21
2022-11-22,16129.7
2022-11-23,16475.17
2022-11-24,16539.26
2022-11-25,16494.89
2022-11-26,16506.72
2022-11-27,16578.08
2022-11-28,16202.79
2022-11-29,16457.25
2022-11-30,17093.56
2022-12-01,16932.71
2022-12-02,17016.21
2022-12-03,16948.34
2022-12-04,17115.9
2022-12-05,16970.6
2022-12-06,16987.89
2022-12-07,16830.85
2022-12-08,17186.52
2022-12-09,17115.15
2022-12-10,17128.52
2022-12-11,17115.12
2022-12-12,17184.04
2022-12-13,17769.84
2022-12-14,17819.18
2022-12-15,17388.72
2022-12-16,16839.9
2022-12-17,16714.01
2022-12-18,16751.15
2022-12-19,16588.52
2022-12-20,16871.0
2022-12-21,16787.44
2022-12-22,16801.87
2022-12-23,16803.82
2022-12-24,16825.82
2022-12-25,16827.02
2022-12-26,16832.32
2022-12-27,16692.56
2022-12-28,16512.15
2022-12-29,16592.81
2022-12-30,16580.81
2022-12-31,16537.77
2023-01-01,16613.87
2023-01-02,16670.08
2023-01-03,16670.16
2023-01-04,16846.82
2023-01-05,16825.87
2023-01-06,16946.16
2023-01-07,16942.73
2023-01-08,17115.81
2023-01-09,17179.03
2023-01-10,17442.44
2023-01-11,17938.0
2023-01-12,18849.0
2023-01-13,19932.05
2023-01-14,20954.52
2023-01-15,20878.94
2023-01-16,21188.92
2023-01-17,21136.12
2023-01-18,20678.47
2023-01-19,21082.28
2023-01-20,22676.2
2023-01-21,22789.92
2023-01-22,22714.99
2023-01-23,22917.47
2023-01-24,22637.8
2023-01-25,23066.28
2023-01-26,23009.15
2023-01-27,23077.75
2023-01-28,23031.02
2023-01-29,23747.26
2023-01-30,22833.34
2023-01-31,23129.7
2023-02-01,23730.52
2023-02-02,23470.8
2023-02-03,23437.21
2023-02-04,23332.1
2023-02-05,22940.79
2023-02-06,22761.44
2023-02-07,23252.78
2023-02-08,22961.13
2023-02-09,21807.55
2023-02-10,21634.86
2023-02-11,21862.19
2023-02-12,21790.14
2023-02-13,21787.77
2023-02-14,22208.56
2023-02-15,24332.21
2023-02-16,23533.22
2023-02-17,24578.28
2023-02-18,24638.27
2023-02-19,24287.53
2023-02-20,24838.09
2023-02-21,24450.5
2023-02-22,24186.92
2023-02-23,23941.1
2023-02-24,23189.78
2023-02-25,23167.45
2023-02-26,23557.39
2023-02-27,23490.07
2023-02-28,23134.2
2023-03-01,23641.2
2023-03-02,23467.22
2023-03-03,22361.45
2023-03-04,22351.08
2023-03-05,22433.65
2023-03-06,22410.34
2023-03-07,22200.87
2023-03-08,21707.57
2023-03-09,20369.38
2023-03-10,20207.71
2023-03-11,20610.5
2023-03-12,22180.75
2023-03-13,24205.82
2023-03-14,24758.71
2023-03-15,24369.16
2023-03-16,25051.31
2023-03-17,27440.55
2023-03-18,26973.38
2023-03-19,28037.32
2023-03-20,27807.29
2023-03-21,28185.99
2023-03-22,27317.37
2023-03-23,28345.69
2023-03-24,27491.73
2023-03-25,27493.43
2023-03-26,27996.81
2023-03-27,27145.09
2023-03-28,27274.9
2023-03-29,28355.87
2023-03-30,28037.46
2023-03-31,28477.29
2023-04-01,28465.3
2023-04-02,28186.76
2023-04-03,27810.08
2023-04-04,28178.13
2023-04-05,28181.03
2023-04-06,28045.06
2023-04-07,27910.62
2023-04-08,27953.79
2023-04-09,28341.05
2023-04-10,29654.81
2023-04-11,30226.1
2023-04-12,29905.2
2023-04-13,30404.37
2023-04-14,30493.01
2023-04-15,30321.23
2023-04-16,30322.77
2023-04-17,29446.77
2023-04-18,30396.77
2023-04-19,28828.2
2023-04-20,28245.06
2023-04-21,27260.85
2023-04-22,27818.87
2023-04-23,27596.71
2023-04-24,27520.33
2023-04-25,28308.39
2023-04-26,28433.41
2023-04-27,29485.09
2023-04-28,29339.91
2023-04-29,29250.94
2023-04-30,29234.41
2023-05-01,28086.19
2023-05-02,28694.85
2023-05-03,29041.0
2023-05-04,28866.54
2023-05-05,29550.84
2023-05-06,28943.94
2023-05-07,28574.43
2023-05-08,27781.0
2023-05-09,27679.75
2023-05-10,27628.13
2023-05-11,26992.24
2023-05-12,26807.89
2023-05-13,26789.55
2023-05-14,26932.09
2023-05-15,27238.44
2023-05-16,27033.56
2023-05-17,27389.77
2023-05-18,26850.13
2023-05-19,26903.69
2023-05-20,27104.59
2023-05-21,26789.13
2023-05-22,26870.54
2023-05-23,27223.98
2023-05-24,26359.34
2023-05-25,26486.76
2023-05-26,26735.13
2023-05-27,26872.04
2023-05-28,28084.36
2023-05-29,27783.32
2023-05-30,27716.03
2023-05-31,27280.23
2023-06-01,26839.04
2023-06-02,27252.27
2023-06-03,27083.82
2023-06-04,27162.08
2023-06-05,25814.07
2023-06-06,27218.58
2023-06-07,26350.1
2023-06-08,26519.31
2023-06-09,26460.11
2023-06-10,25874.64
2023-06-11,25900.72
2023-06-12,25896.81
2023-06-13,25861.62
2023-06-14,25099.69
2023-06-15,25547.23
2023-06-16,26330.66
2023-06-17,26508.5
2023-06-18,26361.74
2023-06-19,26769.26
2023-06-20,28312.5
2023-06-21,30123.64
2023-06-22,29962.39
2023-06-23,30618.83
2023-06-24,30530.48
2023-06-25,30449.55
2023-06-26,30245.97
2023-06-27,30654.78
2023-06-28,30084.04
2023-06-29,30472.39
2023-06-30,30497.6
2023-07-01,30573.97
2023-07-02,30600.79
2023-07-03,31138.98
2023-07-04,30811.09
2023-07-05,30527.72
2023-07-07,30332.53
2023-07-08,30244.38
2023-07-09,30149.73
2023-07-10,30399.21
2023-07-11,30614.13
2023-07-12,30405.41
2023-07-13,31490.32
2023-07-14,30314.4
2023-07-15,30289.98
2023-07-16,30260.91
2023-07-17,30141.89
2023-07-18,29822.63
2023-07-19,29923.62
2023-07-20,29800.7
2023-07-21,29931.91
2023-07-22,29707.81
2023-07-23,30063.38
2023-07-24,29173.07
2023-07-25,29225.6
2023-07-26,29305.87
2023-07-27,29218.4
2023-07-28,29317.18
2023-07-29,29366.79
2023-07-30,29271.7
2023-08-01,29485.18
2023-08-02,29146.35
2023-08-03,29202.09
2023-08-04,29078.5
2023-08-05,29054.29
2023-08-06,29050.49
2023-08-07,29181.5
2023-08-08,29763.7
2023-08-09,29591.29
2023-08-10,29431.68
2023-08-11,29413.09
2023-08-12,29417.11
2023-08-13,29289.68
2023-08-14,29416.89
2023-08-16,28717.11
2023-08-17,26687.41
2023-08-18,26022.96
2023-08-19,26110.4
2023-08-20,26184.48
2023-08-21,26142.42
2023-08-22,26009.23
2023-08-23,26449.01
2023-08-24,26135.42
2023-08-25,26047.34
2023-08-26,26003.34
2023-08-27,26084.97
2023-08-28,26107.23
2023-08-29,27699.47
2023-08-30,27312.69
2023-08-31,25969.79
2023-09-01,25817.21
2023-09-02,25865.42
2023-09-03,25964.12
2023-09-04,25810.34
2023-09-05,25792.5
2023-09-06,25754.95
2023-09-07,26190.11
2023-09-08,25901.22
2023-09-09,25901.34
2023-09-10,25834.22
2023-09-11,25146.16
2023-09-12,25849.96
2023-09-13,26215.1
2023-09-14,26520.98
2023-09-15,26674.37
2023-09-16,26556.71
2023-09-17,26503.57
2023-09-18,26751.51
2023-09-19,27214.61
2023-09-20,27135.53
2023-09-21,26564.42
2023-09-22,26596.81
2023-09-23,26580.8
2023-09-24,26269.44
2023-09-25,26273.41
2023-09-26,26228.04
2023-09-27,26368.42
2023-09-28,27030.73
2023-09-29,26912.55
2023-09-30,26969.55
2023-10-01,27962.99
2023-10-02,27602.19
2023-10-03,27466.03
2023-10-04,27793.01
2023-10-05,27444.37
2023-10-06,27944.21
2023-10-07,27971.82
2023-10-08,27932.54
2023-10-09,27587.65
2023-10-10,27430.23
2023-10-11,26852.04
2023-10-12,26747.39
2023-10-13,26843.6
2023-10-14,26862.92
2023-10-15,27132.47
2023-10-16,28521.65
2023-10-17,28434.28
2023-10-18,28322.86
2023-10-19,28676.8
2023-10-20,29694.28
2023-10-21,29900.3
2023-10-22,29999.58
2023-10-23,32830.23
2023-10-24,33794.86
2023-10-25,34499.87
2023-10-26,34155.31
2023-10-27,33928.05
2023-10-28,34091.68
2023-10-29,34558.12
2023-10-30,34479.67
2023-10-31,34632.31
2023-11-01,35436.46
2023-11-02,34873.31
2023-11-03,34705.01
2023-11-04,35075.77
2023-11-05,35056.85
2023-11-06,35027.93
2023-11-07,35437.34
2023-11-08,35932.42
2023-11-09,36725.89
2023-11-10,37386.39
2023-11-11,36959.31
2023-11-12,37004.26
2023-11-13,36499.14
2023-11-14,35569.45
2023-11-15,37868.0
2023-11-16,36196.91
2023-11-17,36568.93
2023-11-18,36588.29
2023-11-19,37490.92
2023-11-20,37534.2
2023-11-21,36084.99
2023-11-22,37416.26
2023-11-23,37275.44
2023-11-24,37720.89
2023-11-25,37794.88
2023-11-26,37516.06
2023-11-27,37233.74
2023-11-28,37806.48
2023-11-29,37872.89
2023-11-30,37732.75
2023-12-01,38679.11
2023-12-02,39466.81
2023-12-03,39985.04
2023-12-04,41869.64
2023-12-05,44142.25
2023-12-06,43789.7
2023-12-07,43342.46
2023-12-08,44154.38
2023-12-09,43706.91
2023-12-10,43746.06
2023-12-11,41259.71
2023-12-12,41504.77
2023-12-13,42885.58
2023-12-14,43000.83
2023-12-15,41960.98
2023-12-16,42181.94
2023-12-17,41368.32
2023-12-18,42626.72
2023-12-19,42204.79
2023-12-20,43622.2
2023-12-21,43831.0
2023-12-22,43985.26
2023-12-23,43765.09
2023-12-24,43184.24
2023-12-25,43606.34
2023-12-26,42487.9
2023-12-27,43439.67
2023-12-28,42737.11
2023-12-29,42009.96
2023-12-30,42184.38
2023-12-31,42230.66
2024-01-01,44101.66
2024-01-02,44851.95
2024-01-03,42731.78
2024-01-04,44199.06
2024-01-05,44081.48
2024-01-06,43923.61
2024-01-07,43678.89
2024-01-08,46902.21
2024-01-09,46072.46
2024-01-10,46570.76
2024-01-11,46352.83
2024-01-12,42731.1
2024-01-13,42812.08
2024-01-14,41889.33
2024-01-15,42529.63
2024-01-16,43140.43
2024-01-17,42686.95
2024-01-18,41284.92
2024-01-19,41608.96
2024-01-20,41702.95
2024-01-21,41530.89
2024-01-22,39549.58
2024-01-23,39677.27
2024-01-24,40148.11
2024-01-25,39919.78
2024-01-26,41851.55
2024-01-27,42119.32
2024-01-28,42042.44
2024-01-29,43262.04
2024-01-30,42805.05
2024-01-31,42603.03
2024-02-01,43044.44
2024-02-02,43140.44
2024-02-03,42959.0
2024-02-04,42550.29
2024-02-05,42648.59
2024-02-06,43120.65
2024-02-07,44250.05
2024-02-08,45338.13
2024-02-09,47152.36
2024-02-10,47828.33
2024-02-11,48167.58
2024-02-12,50030.68
2024-02-13,49631.82
2024-02-14,51875.71
2024-02-15,51983.84
2024-02-16,52229.29
2024-02-17,51725.99
2024-02-18,52105.93
2024-02-19,51775.75
2024-02-20,52229.64
2024-02-21,51695.43
2024-02-22,51270.82
2024-02-23,50853.42
2024-02-24,51575.06
2024-02-25,51760.85
2024-02-26,54512.07
2024-02-27,57026.24
2024-02-28,62528.74
2024-02-29,61403.61
2024-03-01,62476.62
2024-03-02,62079.43
2024-03-03,62990.99
2024-03-04,67866.64
2024-03-05,64131.94
2024-03-06,66026.06
2024-03-07,67085.84
2024-03-08,68220.01
2024-03-09,68477.12
2024-03-10,68821.65
2024-03-11,72147.13
2024-03-12,71394.57
2024-03-13,73099.37
2024-03-14,71552.32
2024-03-15,69703.47
2024-03-16,65531.32
2024-03-17,68237.98
2024-03-18,67837.05
2024-03-19,62057.73
2024-03-20,67751.64
2024-03-21,65467.7
2024-03-22,63447.45
2024-03-23,64312.25
2024-03-24,67279.23
2024-03-25,69884.24
2024-03-26,70019.25
2024-03-27,69150.11
2024-03-28,70724.21
2024-03-29,69944.69
2024-03-30,69652.38
2024-03-31,71282.92
2024-04-01,69798.95
2024-04-02,65514.91
2024-04-03,66171.0
2024-04-04,68510.02
2024-04-05,67978.76
2024-04-06,69086.96
2024-04-07,69374.59
2024-04-08,71712.86
2024-04-09,69153.83
2024-04-10,70544.8
2024-04-11,70075.05
2024-04-12,67144.0
2024-04-13,64410.44
2024-04-14,65834.31
2024-04-15,63453.56
2024-04-16,63829.22
2024-04-17,61312.28
2024-04-18,63473.89
2024-04-19,63933.05
2024-04-20,64916.33
2024-04-21,65036.56
2024-04-22,66872.71
2024-04-23,66421.45
2024-04-24,64276.2
2024-04-25,64471.45
2024-04-26,63805.39
2024-04-27,63434.62
2024-04-28,62956.57
2024-04-29,63873.61
2024-04-30,60650.07
2024-05-01,58302.73
2024-05-02,59163.49
2024-05-03,63020.79
2024-05-04,63887.85
2024-05-05,64069.75
2024-05-06,63162.38
2024-05-07,62484.28
2024-05-08,61047.39
2024-05-09,62913.62
2024-05-10,60984.28
2024-05-11,60808.47
2024-05-12,61458.18
2024-05-13,62916.5
2024-05-14,61534.15
2024-05-15,66360.81
2024-05-16,65300.9
2024-05-17,66960.43
2024-05-18,67012.1
2024-05-19,66261.64
2024-05-20,71413.77
2024-05-21,70314.1
2024-05-22,69074.05
2024-05-23,67741.13
2024-05-24,68611.25
2024-05-25,69262.31
2024-05-26,68454.61
2024-05-27,69327.21
2024-05-28,68368.93
2024-05-29,67582.79
2024-05-30,68359.65
2024-05-31,67422.1
2024-06-01,67689.03
2024-06-02,67824.5
2024-06-03,68753.08
2024-06-04,70546.39
2024-06-05,71079.67
2024-06-06,70803.17
2024-06-07,69333.33
2024-06-08,69324.27
2024-06-09,69634.53
2024-06-10,69498.55
2024-06-11,67321.63
2024-06-12,68213.61
2024-06-13,66810.87
2024-06-14,65987.66
2024-06-15,66203.05
2024-06-16,66629.31
2024-06-17,66437.75
2024-06-18,65088.08
2024-06-19,64861.91
2024-06-20,64910.78
2024-06-21,64086.05
2024-06-22,64246.51
2024-06-23,63344.68
2024-06-24,60374.01
2024-06-25,61704.84
2024-06-26,60803.44
2024-06-27,61571.75
2024-06-28,60324.82
2024-06-29,60893.32
2024-06-30,62772.59
2024-07-01,62869.89
2024-07-02,62058.03
2024-07-03,60194.98
2024-07-04,57210.37
2024-07-05,56767.65
2024-07-06,58211.14
2024-07-07,56084.1
2024-07-08,56676.74
2024-07-09,58045.71
2024-07-10,57862.06
2024-07-11,57354.03
2024-07-12,57868.29
2024-07-13,59297.65
2024-07-14,61115.87
2024-07-15,64744.25
2024-07-16,65226.34
2024-07-17,64227.85
2024-07-18,63990.53
2024-07-19,66702.79
2024-07-20,67183.23
2024-07-21,67972.99
2024-07-22,67608.53
2024-07-23,65953.67
2024-07-24,65372.29
2024-07-25,65685.27
2024-07-26,67892.51
2024-07-27,68103.15
2024-07-28,68196.43
2024-07-29,66798.58
2024-07-30,66221.57
2024-07-31,64728.04
2024-08-01,65216.27
2024-08-02,61457.36
2024-08-03,60750.03
2024-08-04,58381.87
2024-08-05,54307.89
2024-08-06,55999.45
2024-08-07,55056.94
2024-08-08,61952.57
2024-08-10,60881.76
2024-08-11,58823.74
2024-08-12,59402.61
2024-08-13,60439.14
2024-08-14,58827.28
2024-08-15,57625.14
2024-08-16,59003.96
2024-08-17,59395.55
2024-08-18,58818.4
2024-08-19,59388.89
2024-08-20,59126.73
2024-08-21,61120.59
2024-08-22,60386.97
2024-08-23,64128.17
2024-08-24,63968.07
2024-08-25,64439.08
2024-08-26,62999.09
2024-08-27,59629.5
2024-08-28,59170.43
2024-08-29,59375.64
2024-08-30,59126.64
2024-08-31,58969.09
2024-09-01,57351.52
2024-09-02,59161.73
2024-09-03,57731.0
2024-09-04,58011.94
2024-09-05,56157.03
2024-09-06,53845.78
2024-09-07,54054.45
2024-09-08,54936.64
2024-09-09,57134.79
2024-09-10,57650.58
2024-09-11,57416.37
2024-09-12,58129.87
2024-09-13,60552.31
2024-09-14,59986.87
2024-09-15,59158.12
2024-09-16,58264.59
2024-09-17,60232.1
2024-09-18,61300.4
2024-09-19,63001.09
2024-09-20,63161.66
2024-09-21,63363.14
2024-09-22,63583.74
2024-09-23,63391.78
