,0
2017-09-08,
2017-09-09,-0.0007102098265932016
2017-09-10,0.008617271015763666
2017-09-11,-0.00129812844469004
2017-09-12,-0.006032763735200279
2017-09-13,0.007387645387071223
2017-09-14,-4.644321803952823e-05
2017-09-15,0.00023026289474147434
2017-09-16,0.005114560002924125
2017-09-17,-0.0008770692459926253
2017-09-18,0.00022204707252663813
2017-09-19,-0.0030416101750636777
2017-09-20,-0.004170485032307754
2017-09-21,0.0028726396968216943
2017-09-22,-0.0002877395370886993
2017-09-23,0.0028236841395820277
2017-09-24,-0.0009059312499715952
2017-09-25,0.0031766727449380194
2017-09-26,0.0026279782818937913
2017-09-27,0.0006653337717971229
2017-09-28,0.00434647571300849
2017-09-29,0.0001951668475990251
2017-09-30,-0.0002809196008285847
2017-10-01,0.0038021304556071873
2017-10-02,0.0010616648731499403
2017-10-03,0.0032075308877641436
2017-10-04,0.0043966427414210245
2017-10-05,-0.001271506107127543
2017-10-06,0.001621722289672651
2017-10-07,0.000643369237596228
2017-10-08,-0.0019018753114725744
2017-10-09,0.002879466139657878
2017-10-10,0.004988905120433425
2017-10-11,0.003368458793029879
2017-10-12,0.001247698369167259
2017-10-13,-0.0013509906892899437
2017-10-14,0.0008726391255675209
2017-10-15,-0.0014978151536408034
2017-10-16,0.001286468904839255
2017-10-17,0.0010047077913474044
2017-10-18,0.0011051997984328353
2017-10-19,0.003367528687557486
2017-10-20,-0.001021319779942048
2017-10-21,-0.0006108685820672588
2017-10-22,-0.004986659973763042
2017-10-23,0.0009821937314503876
2017-10-24,-0.004001695173222065
2017-10-25,-0.001794010701804948
2017-10-26,0.0074465125200708785
2017-10-27,0.002885681672826064
2017-10-28,-0.0003887379866597765
2017-10-29,-0.0035975876721768027
2017-10-30,0.002922821174666194
2017-10-31,0.0011100424116730842
2017-11-01,0.0008847916747749252
2017-11-02,0.0049213019748662245
2017-11-03,-0.000328571180032567
2017-11-04,-0.0011795189086428303
2017-11-05,-0.00011348560258705794
2017-11-06,0.003322412428665663
2017-11-07,0.0025985653813761413
2017-11-08,-0.005232473433594028
2017-11-09,-0.0004603860929150001
2017-11-10,-0.003246754394091421
2017-11-11,0.003941143377218973
2017-11-12,0.0028874366311266667
2017-11-13,0.00046544849208410597
2017-11-14,-0.00427165903007156
2017-11-15,0.010889304282503324
2017-11-16,0.000132939671781453
2017-11-17,0.0013286894058395589
2017-11-18,0.0015605922529983798
2017-11-19,-0.0009707236578979333
2017-11-20,0.00801709388508629
2017-11-21,0.002458313090338057
2017-11-22,0.0022230656797967356
2017-11-23,0.004152635682335411
2017-11-24,0.001961264833728195
2017-11-25,0.0012358495273469131
2017-11-26,5.290441439529554e-05
2017-11-27,0.006476709779669523
2017-11-28,-0.0017239928786081998
2017-11-29,0.012222177404079757
2017-11-30,-0.0013707689020582123
2017-12-01,0.0004630840208537662
2017-12-02,0.0009203167462480738
2017-12-03,-0.0025328518689755517
2017-12-04,-0.0007608105407510494
2017-12-05,0.004503810832763238
2017-12-06,0.004052494209475233
2017-12-07,0.004512555982335097
2017-12-08,-0.002168000025929769
2017-12-09,0.006311922865059471
2017-12-10,0.010435099291552464
2017-12-11,-0.0003963654730697646
2017-12-12,0.003047835870329068
2017-12-13,-0.003381002599947971
2017-12-14,0.011368168299133318
2017-12-15,0.0010246977405052803
2017-12-16,0.000880298674212544
2017-12-17,0.0029706101411113525
2017-12-18,-0.0034192287897310217
2017-12-19,-0.0008141563056365388
2017-12-20,-0.001973947454073382
2017-12-21,0.0002002288430251896
2017-12-22,-0.00405048139984229
2017-12-23,0.002457446746854107
2017-12-24,0.004213462660631191
2017-12-25,0.00028633145539623886
2017-12-26,-0.0023212898584188467
2017-12-27,0.003096684772226092
2017-12-28,-0.008729613821286926
2017-12-29,0.002874710625356634
2017-12-30,-0.00022275730285046508
2017-12-31,0.004791308092593341
2018-01-01,0.011052955707945586
2018-01-02,0.005929398524462216
2018-01-03,0.005232353967813327
2018-01-04,0.007402365833193011
2018-01-05,0.0007893523880144064
2018-01-06,-0.0018480410884380509
2018-01-07,0.0042168482022242135
2018-01-08,0.0011171854980217882
2018-01-09,-0.0064754497534716725
2018-01-10,0.010853390771278894
2018-01-11,0.009585170057525197
2018-01-12,-0.0019167521236997064
2018-01-13,-0.00023262570078244374
2018-01-14,-0.008639887253087125
2018-01-15,-0.004804042243990738
2018-01-16,0.00975210892076497
2018-01-17,-0.0022734523258917303
2018-01-18,0.011724356629113062
2018-01-19,-0.005065664164351277
2018-01-20,-0.001559954341646952
2018-01-21,0.009234563660717239
2018-01-22,0.0018945519695341107
2018-01-23,-0.000523305209471444
2018-01-24,0.001735836401702874
2018-01-25,0.0152044347386932
2018-01-26,0.0025158555093334587
2018-01-27,-0.002493539452551292
2018-01-28,-0.008653508160703045
2018-01-29,-0.008674596237488372
2018-01-30,-0.006038173355047301
2018-01-31,-0.0029095720103688725
2018-02-01,-0.013323761715864864
2018-02-02,-0.0032024155662048006
2018-02-03,-0.006345740409186429
2018-02-04,-0.02199178696064815
2018-02-05,0.007726292758322621
2018-02-06,-0.0006418545751621304
2018-02-07,-0.014435874337880385
2018-02-08,0.004722665147404904
2018-02-09,-0.0009154926283806198
2018-02-10,0.0018682902468191724
2018-02-11,0.00414731479121155
2018-02-12,0.004364798451725348
2018-02-13,0.006675775874199348
2018-02-14,0.0061238638905466315
2018-02-15,0.0022233942244565654
2018-02-16,-0.0015604996634024154
2018-02-17,0.001206879346530872
2018-02-18,-0.00021690870248479335
2018-02-19,-0.0062289541090435946
2018-02-20,-0.003964429565209645
2018-02-21,0.002311850830474938
2018-02-22,0.005612684082193534
2018-02-23,0.0005227348238094006
2018-02-24,0.0019372154537670076
2018-02-25,0.005640111996694482
2018-02-26,-0.007333315527609316
2018-02-27,-0.0041692491505080686
2018-02-28,-0.005375675246370407
2018-03-01,0.004260320095334636
2018-03-02,0.00013720335239388788
2018-03-03,0.00015269874071789535
2018-03-04,0.002743078809099738
2018-03-05,-0.0024614500162677927
2018-03-06,-0.003649778341064298
2018-03-07,0.0035710923806483025
2018-03-08,0.006707867998358933
2018-03-09,0.0031320048678472397
2018-03-10,-0.0022638953991247547
2018-03-11,-3.3794953803335075e-05
2018-03-12,-0.00894443476775878
2018-03-13,-0.0019196244690581905
2018-03-14,-0.0013259203975838762
2018-03-15,-0.0018330411309452617
2018-03-16,-0.0010190126649963279
2018-03-17,0.0017928258956989517
2018-03-18,-0.007357164002235628
2018-03-19,0.0005460869754336385
2018-03-20,-0.0014491407707863837
2018-03-21,-0.017250096365870573
2018-03-22,-0.011456536018128247
2018-03-23,0.00021004976940778363
2018-03-24,-0.005364192362601786
2018-03-25,0.013674999323179522
2018-03-26,-0.008678274633283313
2018-03-27,-0.006528945801990846
2018-03-28,0.005992324614709852
2018-03-29,-1.9814516122805946e-05
2018-03-30,-0.0011691337224930057
2018-03-31,0.0007363358022516831
2018-04-01,-0.0079554031580184
2018-04-02,0.0019519883637521955
2018-04-03,0.0053833314169900014
2018-04-04,0.002321229357442796
2018-04-05,-0.00724247027156127
2018-04-06,0.0005939001886972013
2018-04-07,-0.0013375387673662538
2018-04-08,0.0037112155318561823
2018-04-09,0.009357054902878904
2018-04-10,0.005756461322889782
2018-04-11,0.0029160493956154163
2018-04-12,0.000796756531977586
2018-04-13,0.001872913229495114
2018-04-14,-0.001918490469234356
2018-04-15,0.003737269611274862
2018-04-16,0.00780613424072937
2018-04-17,0.0033085357424075977
2018-04-18,-0.0019379454634340114
2018-04-19,-0.0041177966824053475
2018-04-20,0.0022224983384629806
2018-04-21,0.00023135476216302127
2018-04-22,0.0052956752223038365
2018-04-23,-0.01145719014194009
2018-04-24,0.0010655791546059135
2018-04-25,0.006184160826455135
2018-04-26,0.0030904401526848724
2018-04-27,0.00023692455077430825
2018-04-28,-0.000830462481078212
2018-04-29,-0.005527089031101202
2018-04-30,0.0017072105935668578
2018-05-01,0.0010940887532114388
2018-05-02,-0.0005995795228179191
2018-05-03,0.008901578628115669
2018-05-04,-0.0018532146102376822
2018-05-05,-0.002028265241675556
2018-05-06,0.0004745974640498321
2018-05-07,-0.0007743403799560754
2018-05-08,0.00464827284628167
2018-05-09,-0.0012892180939398739
2018-05-10,0.003592635537986211
2018-05-11,0.004587063880896923
2018-05-12,0.00042128340980050494
2018-05-13,-0.0009201850486722502
2018-05-14,-0.007464707404834589
2018-05-15,0.002822822655187541
2018-05-16,0.001779092585896936
2018-05-17,-0.0011445248612102757
2018-05-18,0.004034732657793971
2018-05-19,-0.0023628277990994755
2018-05-20,-6.846334013893477e-05
2018-05-21,-0.011722810779141137
2018-05-22,0.0030128942007398955
2018-05-23,-0.0023244128111459257
2018-05-24,-0.0010699075606867084
2018-05-25,-0.0033702786822414647
2018-05-26,-0.005167745403710004
2018-05-27,0.0070211660154922894
2018-05-28,-0.008060113603369029
2018-05-29,0.016538115759688287
2018-05-30,-0.006718033619904442
2018-05-31,0.008963400666749067
2018-06-01,0.0017131663417809548
2018-06-02,-0.0019296990004683773
2018-06-03,0.0039826318052709276
2018-06-04,0.0018535256099943779
2018-06-05,0.00441652213183903
2018-06-06,-0.00024325854492922218
2018-06-07,0.0027508676943276016
2018-06-08,-0.0118421471007603
2018-06-09,0.0005008677605788649
2018-06-10,-0.002589218897880468
2018-06-11,-0.001843604225565524
2018-06-12,0.0044986814513946595
2018-06-13,0.00033640656608777163
2018-06-14,0.000556966258122906
2018-06-15,-0.00027061463600275217
2018-06-16,0.0032222340182652366
2018-06-17,-0.0005259951325105502
2018-06-18,-0.0019185991931306044
2018-06-19,0.0022113174940625647
2018-06-20,-0.017798447059720734
2018-06-21,0.005531421727504056
2018-06-22,-0.002162168409418542
2018-06-23,0.0013841710938578345
2018-06-24,-0.011749032950812635
2018-06-25,0.0007011998996062503
2018-06-26,-0.008504614122722099
2018-06-27,0.0026578106041991924
2018-06-28,0.006990400508641303
2018-06-29,0.0006276165981828963
2018-06-30,0.004244334982571995
2018-07-01,0.00021532813568058207
2018-07-02,-0.00019054553230254365
2018-07-03,-0.0022718859789959043
2018-07-04,0.008567011474714425
2018-07-05,0.007011864239712492
2018-07-06,0.0034640704476216933
2018-07-07,-0.0010591909996041323
2018-07-08,-0.00037634660725923504
2018-07-09,0.0034387269143746585
2018-07-10,-0.00967106248989706
2018-07-11,0.008109627866100921
2018-07-12,0.002917054900804133
2018-07-13,0.0024588112653711027
2018-07-14,0.00417019441094502
2018-07-15,0.0030909905879224864
2018-07-16,0.003693077746655052
2018-07-17,-0.0005901519916254536
2018-07-18,-0.004880234641549532
2018-07-19,0.0014715719890107607
2018-07-20,-0.0010189262182878915
2018-07-21,0.0022110460287485785
2018-07-22,0.0042770360135300734
2018-07-23,0.003902008085458469
2018-07-24,0.0052573764662465616
2018-07-25,0.0011642211018177923
2018-07-26,-0.008626498941529963
2018-07-27,0.00018725412560654741
2018-07-28,-0.0013997177197073273
2018-07-29,-0.009161262373876183
2018-07-30,0.003064037041044564
2018-07-31,-0.0023963090883398997
2018-08-01,0.006010962796540141
2018-08-02,-0.001089912641271686
2018-08-03,0.0012250631431823462
2018-08-04,-0.0025485355551384797
2018-08-05,0.0002915423576694817
2018-08-06,-0.00344843442724668
2018-08-07,0.0025839244813225166
2018-08-08,-0.009164446077080264
2018-08-09,-0.0018421636740703403
2018-08-10,-0.0006563349295542032
2018-08-11,-0.005193973344237484
2018-08-12,-0.007644943283155721
2018-08-13,0.012332652167393302
2018-08-14,-0.009385967254435348
2018-08-15,0.012745114576750665
2018-08-16,0.000793298181504447
2018-08-17,0.001277512604117968
2018-08-18,-0.002466339944947811
2018-08-19,0.0018586188160850676
2018-08-20,-0.0003184913662321252
2018-08-21,0.0028082342040213976
2018-08-22,0.0011544435233540784
2018-08-23,0.004201797248993375
2018-08-24,-0.0009071496884145989
2018-08-25,0.0009715521123246453
2018-08-26,0.010257254403720904
2018-08-27,-0.0006248412260407394
2018-08-28,0.004432791931161952
2018-08-29,-0.0025003084547064597
2018-08-30,0.004081894981034573
2018-08-31,0.00020020260196000327
2018-09-01,-0.00012289806558416096
2018-09-02,-0.00037122173898751395
2018-09-03,-0.010556108734588501
2018-09-04,-0.007845228681260932
2018-09-05,-0.00518806085368041
2018-09-06,-0.006894961293717418
2018-09-07,0.002202538927209065
2018-09-08,-0.0012073763514692567
2018-09-09,0.0009601459720439946
2018-09-10,0.002099404484041374
2018-09-11,0.008158604328730744
2018-09-12,0.0066645871118411115
2018-09-13,0.00038220313422038655
2018-09-14,-0.00021353686023819018
2018-09-15,-0.005488578001204048
2018-09-16,-0.0028012027298308585
2018-09-17,0.005981301391292577
2018-09-18,-0.00010863998451813207
2018-09-19,0.013743007736778107
2018-09-20,-0.0010712429658849337
2018-09-21,0.0002091583916450443
2018-09-22,-0.0015703668539551931
2018-09-23,-0.005236393143229966
2018-09-24,0.0004425262915445243
2018-09-25,0.0022646143122207296
2018-09-26,0.0009939866423311623
2018-09-27,0.0023864193452648994
2018-09-28,-0.00047580069173709205
2018-09-29,0.0003671353655102517
2018-09-30,0.000564027985425712
2018-10-01,-0.004432193122996329
2018-10-02,0.0015016932716114756
2018-10-03,-0.009073453705805408
2018-10-04,-0.004469032781258616
2018-10-05,-0.00028610952176180764
2018-10-06,0.0017107066358975386
2018-10-07,-0.001704166814620254
2018-10-08,-0.0022400422952664864
2018-10-09,-0.034381210089047085
2018-10-10,-0.010986546721152799
2018-10-11,0.007360538715174122
2018-10-12,3.9928129313309926e-05
2018-10-13,0.0022219127247263596
2018-10-14,-0.0015358271030199173
2018-10-15,0.010667118075854668
2018-10-16,-0.0017554616130630878
2018-10-17,-0.005972049417130676
2018-10-18,-0.0007369662373128042
2018-10-19,-0.00017034634351928267
2018-10-20,-0.00045346986105255556
2018-10-21,-0.0012474705027455519
2018-10-22,-0.0031258191742796547
2018-10-23,-0.016309725856910165
2018-10-24,0.007342057912264065
2018-10-25,-0.006693367506813881
2018-10-26,-4.8669020629921455e-05
2018-10-27,-0.0017274598737912587
2018-10-28,-0.003071863810592199
2018-10-29,0.008062248937688454
2018-10-30,0.0031699590885192687
2018-10-31,0.0073524463195186905
2018-11-01,-0.0021521059419004718
2018-11-02,0.001807731160464523
2018-11-03,-0.00018982322859181143
2018-11-04,0.003327780088440697
2018-11-05,0.0027386871195701243
2018-11-06,0.008780351429873035
2018-11-07,-0.002361324809052112
2018-11-08,-0.00298860334518786
2018-11-09,-0.0007703682597149689
2018-11-10,0.00012247842694295343
2018-11-11,-0.009575453380595835
2018-11-12,-0.01093251018391
2018-11-13,-0.003748260482426403
2018-11-14,0.0031729607686043658
2018-11-15,0.002198845973752922
2018-11-16,0.000654461714713585
2018-11-17,-0.010305558639725737
2018-11-18,-0.016460156691810512
2018-11-19,-0.004330913886470486
2018-11-20,-0.00012596112271256766
2018-11-21,-0.0018199631082041344
2018-11-22,-0.00924969511068616
2018-11-23,0.0028482643416734344
2018-11-24,-0.004569258810143086
2018-11-25,0.008658024612781165
2018-11-26,0.00545416927594966
2018-11-27,0.00869091086813374
2018-11-28,-0.002723969588163119
2018-11-29,0.006860562539993613
2018-11-30,-0.0009621908603790663
2018-12-01,-0.0034785639299677517
2018-12-02,0.005109844744617528
2018-12-03,-0.014823059267297859
2018-12-04,-0.0025168592620247515
2018-12-05,-0.0016717746442286875
2018-12-06,-0.0067798462727758696
2018-12-07,0.00028036459422390366
2018-12-08,-0.0014106855858537048
2018-12-09,-9.684940147946164e-05
2018-12-10,0.00126105599987729
2018-12-11,-5.503341521025307e-05
2018-12-12,-0.0012693363623258727
2018-12-13,-0.009227331240128533
2018-12-14,0.0005256586721964729
2018-12-15,0.005366032947586972
2018-12-16,-0.008310632322990424
2018-12-17,0.002108820000138051
2018-12-18,0.0003548991694110302
2018-12-19,-0.010497431832507077
2018-12-20,-0.0061827020846084895
2018-12-21,0.004855156864614691
2018-12-22,0.002946982082671477
2018-12-23,-0.016413971143746476
2018-12-24,0.000562698659244084
2018-12-25,0.013946528804467605
2018-12-26,0.007728199927860435
2018-12-27,0.0015593697162269353
2018-12-28,-0.0012648619642820153
2018-12-29,-0.0019089275799626985
2018-12-30,0.004142249709762159
2018-12-31,0.0035964930990837053
2019-01-01,-0.0015808118042024526
2019-01-02,-0.005928974658755864
2019-01-03,0.010854509672417797
2019-01-04,0.0016571971190270044
2019-01-05,-0.0010791933286609142
2019-01-06,0.0030721328033795083
2019-01-07,0.0032779065590786373
2019-01-08,-0.004988806592425573
2019-01-09,0.0006745275261857053
2019-01-10,-7.416010758065633e-05
2019-01-11,-0.0028039376265397106
2019-01-12,0.004121493112440713
2019-01-13,-0.0055585881829967616
2019-01-14,0.004664659071945638
2019-01-15,5.419069366974095e-05
2019-01-16,0.002809785517620104
2019-01-17,0.006750402033627002
2019-01-18,-0.003057863415411499
2019-01-19,-0.0005092512202122635
2019-01-20,0.0009656096743545046
2019-01-21,-0.006664752767736742
2019-01-22,0.000718590003310687
2019-01-23,-0.000291124429573391
2019-01-24,0.0033436093179328684
2019-01-25,-0.0011982866101357694
2019-01-26,-0.0034641202989194844
2019-01-27,-0.004797695556902254
2019-01-28,0.0021141954712495456
2019-01-29,0.006545729352641361
2019-01-30,0.005910358971525999
2019-01-31,-8.495614457661705e-05
2019-02-01,-0.0007049363326816464
2019-02-02,-0.0001519762746880706
2019-02-03,0.0029540066025028826
2019-02-04,0.0010327837337224604
2019-02-05,-0.0015122119791848253
2019-02-06,0.0038371138481560524
2019-02-07,0.0021366859075686345
2019-02-08,0.00107581774764218
2019-02-09,-0.0010126509484692913
2019-02-10,0.0011354926793124796
2019-02-11,0.008017353930481601
2019-02-12,0.0015245206650841222
2019-02-13,-0.000637272024295375
2019-02-14,0.007880214931895257
2019-02-15,0.0035803416829935123
2019-02-16,0.007313300182001541
2019-02-17,0.00089562184933537
2019-02-18,0.0014458594492764258
2019-02-19,-0.00022509310685105632
2019-02-20,-0.0004099266668452192
2019-02-21,0.009596033318858143
2019-02-22,-0.01021920193782385
2019-02-23,0.0009105747662277779
2019-02-24,-0.00035671255409233004
2019-02-25,-0.0025620459142355265
2019-02-26,0.0025682974709833107
2019-02-27,0.0008497725839324405
2019-02-28,0.0037584271035332726
2019-03-01,-0.000939922325673038
2019-03-02,-0.0029700906626287265
2019-03-03,0.0029239056092292444
2019-03-04,-0.0008661893737355195
2019-03-05,-0.005275086922649535
2019-03-06,-0.006087389227034857
2019-03-07,-0.0011822749958946548
2019-03-08,4.247227478037256e-05
2019-03-09,-0.001523897766125227
2019-03-10,0.009004096711607078
2019-03-11,0.000883923969055475
2019-03-12,0.004627862332898512
2019-03-13,0.0003028960913014068
2019-03-14,0.00601551970471531
2019-03-15,-0.0005542805741278063
2019-03-16,-0.0007970729617374405
2019-03-17,0.002505449039770149
2019-03-18,0.0013575288379747807
2019-03-19,-0.0020641106414828908
2019-03-20,0.00697646108823952
2019-03-21,-0.01211322836097936
2019-03-22,-0.0003873414437916986
2019-03-23,-0.0023778026382105014
2019-03-24,0.0014237193688974976
2019-03-25,0.007181719153105987
2019-03-26,-0.0030216595659153436
2019-03-27,0.004338852980029631
2019-03-28,0.0049238513689496355
2019-03-29,-0.00041567290766979324
2019-03-30,0.0005264261973602864
2019-03-31,0.019619927667347555
2019-04-01,0.006096487168110944
2019-04-02,-0.004673351604222118
2019-04-03,0.002708043586489125
2019-04-04,0.004372159500301141
2019-04-05,0.003476370693083157
2019-04-06,0.0030284638834911916
2019-04-07,-0.0013681133022997844
2019-04-08,-0.0041135111472166835
2019-04-09,-0.002223328422678393
2019-04-10,-0.00018276373269738953
2019-04-11,0.0027097263466303394
2019-04-12,0.0006958133694938813
2019-04-13,-0.0025111040972448434
2019-04-14,0.0038608940428705766
2019-04-15,-0.0005775159769809575
2019-04-16,-0.002996410999183068
2019-04-17,-0.0006297300037945582
2019-04-18,-0.000198345669339101
2019-04-19,-0.0010423828588276079
2019-04-20,0.002506300279741165
2019-04-21,0.0026695814986537098
2019-04-22,0.003813954067035657
2019-04-23,-0.003185122816498134
2019-04-24,-0.00316523336917019
2019-04-25,0.004699903236953581
2019-04-26,-0.00028754033759383004
2019-04-27,-0.001139098800295108
2019-04-28,0.0027141276551923693
2019-04-29,0.0009227519762481238
2019-04-30,-0.004521669125896215
2019-05-01,0.004244671735269602
2019-05-02,0.0072381148251023375
2019-05-03,-0.0003600966234243047
2019-05-04,0.00239046822886655
2019-05-05,-0.0005526642513189589
2019-05-06,-0.012233527004353123
2019-05-07,-4.116971732234675e-05
2019-05-08,0.0008092775988192209
2019-05-09,0.014220963760047297
2019-05-10,-0.0006611899573715959
2019-05-11,0.009730910753107913
2019-05-12,-0.016936680053999783
2019-05-13,0.010900790971880263
2019-05-14,0.005115327352322681
2019-05-15,-0.0017058890875690214
2019-05-16,-0.003380280153652722
2019-05-17,0.00689356040130507
2019-05-18,-0.0010288003079609491
2019-05-19,-0.0028100003841475055
2019-05-20,0.0011553906301064315
2019-05-21,0.00021464788937698657
2019-05-22,-0.005672077730005118
2019-05-23,0.0007040460079108217
2019-05-24,0.006426028259736264
2019-05-25,0.0008139301892869026
2019-05-26,1.5080517387353344e-05
2019-05-27,-0.0066264278386035215
2019-05-28,-0.011302404068230744
2019-05-29,0.005048779277924239
2019-05-30,-0.006829618441522486
2019-05-31,0.0006612145910779351
2019-06-01,-0.002428916568485105
2019-06-02,-0.009041298541265145
2019-06-03,0.015362811512764859
2019-06-04,0.0028015868976907694
2019-06-05,0.004437747527963721
2019-06-06,0.004824659189180516
2019-06-07,-0.0028805117465716926
2019-06-08,0.00344586398339871
2019-06-09,0.0021203436506090035
2019-06-10,0.0020273560181977464
2019-06-11,0.0014687997901991813
2019-06-12,0.004922498467496017
2019-06-13,-5.305571051380979e-05
2019-06-14,0.0012324409060741177
2019-06-15,0.0017968529252545985
2019-06-16,-0.0009732008402083403
2019-06-17,0.009371182070682021
2019-06-18,0.004260257615395716
2019-06-19,0.011312122651040899
2019-06-20,0.004170470600020418
2019-06-21,0.0032371171520293282
2019-06-22,-0.0006334845296039155
2019-06-23,0.00039077746634324275
2019-06-24,-0.0003285849709617441
2019-06-25,-0.01242365788616744
2019-06-26,0.00903632919832778
2019-06-27,0.003347969338463079
2019-06-28,-0.004186851868993438
2019-06-29,-0.0032748826512408206
2019-06-30,0.0041892303928504826
2019-07-01,0.004712322348507404
2019-07-02,0.006430289980129623
2019-07-03,-0.002521766224712346
2019-07-04,-0.0021321582379342256
2019-07-05,0.0048661726453103
2019-07-06,0.003245910913412361
2019-07-07,-0.0032699364436107074
2019-07-08,-0.004296912039006483
2019-07-09,-0.0012947868794759246
2019-07-10,0.0021221492604165853
2019-07-11,-0.003379441498817986
2019-07-12,-0.005970419926600674
2019-07-13,-0.0016382744821140105
2019-07-14,-0.009888676661138126
2019-07-15,0.000695599875475799
2019-07-16,0.0019371196452206323
2019-07-17,0.0027547767904098335
2019-07-18,-0.000530551876029092
2019-07-19,-0.003261916196117066
2019-07-20,-0.003956553814254522
2019-07-21,0.0012354016770584962
2019-07-22,0.003585046706531103
2019-07-23,0.00523728371407583
2019-07-24,-0.006353076574894738
2019-07-25,0.0012820570402624126
2019-07-26,-0.0020600232007776335
2019-07-27,0.002482602464958831
2019-07-28,-0.0010241023345729453
2019-07-29,0.002831236379189457
2019-07-30,-0.007788983018435233
2019-07-31,-0.007092850604352493
2019-08-01,-0.003666087402881163
2019-08-02,0.00077811484958398
2019-08-03,0.006468673356444008
2019-08-04,-0.029280538835498172
2019-08-05,0.0089464691578225
2019-08-06,-0.0001723433001842596
2019-08-07,0.009556839642918313
2019-08-08,-0.005700302657608243
2019-08-09,0.0017995353571441037
2019-08-10,-0.0007136945775281338
2019-08-11,-0.007763728250322744
2019-08-12,0.0022951216956446628
2019-08-13,-0.01401412820514989
2019-08-14,0.001311538196615252
2019-08-15,0.0051063106770125695
2019-08-16,0.0030724160536302393
2019-08-17,0.0014448449335570475
2019-08-18,0.0052514627578548415
2019-08-19,-0.007271422715101697
2019-08-20,0.006041096376756314
2019-08-21,0.0005171130064217903
2019-08-22,-0.014625510252369802
2019-08-23,-0.0010137159674652823
2019-08-24,0.0014960203190269737
2019-08-25,0.003789116262538348
2019-08-26,-0.004848741028461174
2019-08-27,0.001937129487546268
2019-08-28,0.00525808686085745
2019-08-29,0.0011566816344351217
2019-08-30,-0.0003777444754604677
2019-08-31,0.0040103666199897345
2019-09-01,0.0011942538667596208
2019-09-02,-0.003601627147823138
2019-09-03,0.003406643388522644
2019-09-04,0.004380797142321648
2019-09-05,0.003179932174813743
2019-09-06,1.6631263912804944e-05
2019-09-07,-0.000649618585372255
2019-09-08,-0.002032717102788229
2019-09-09,0.0013446273825939358
2019-09-10,0.007465472222345758
2019-09-11,-0.0002841130821002058
2019-09-12,0.0014076659651128024
2019-09-13,-4.249643277873823e-05
2019-09-14,0.0017982143355258122
2019-09-15,0.0014919627563892489
2019-09-16,0.0015615286952639237
2019-09-17,0.0016180841259920353
2019-09-18,-0.0017057450803231156
2019-09-19,-0.002557837644094914
2019-09-20,-0.0006331961061765709
2019-09-21,-0.003958982767067558
2019-09-22,-0.01347733600293747
2019-09-23,-0.005217911514036525
2019-09-24,-0.0017315396917728953
2019-09-25,0.0009327326672948339
2019-09-26,-0.00551507743279177
2019-09-27,-0.0016642133064688487
2019-09-28,0.0041920870033668005
2019-09-29,0.003683562728338955
2019-09-30,-0.00863492134305528
2019-10-01,-0.0140830032807226
2019-10-02,0.007068794370149557
2019-10-03,0.007854700018797008
2019-10-04,-0.002657609464656578
2019-10-05,0.0039000485418083752
2019-10-06,-0.0032026099607628455
2019-10-07,-0.003894663779812394
2019-10-08,0.004890280867291251
2019-10-09,-0.0008259055134214008
2019-10-10,0.00802203042188378
2019-10-11,-0.0005353444833113574
2019-10-12,0.0016804126805739527
2019-10-13,-0.00416473526558546
2019-10-14,0.0036036473215016744
2019-10-15,0.00023449253129574033
2019-10-16,0.001564840022121078
2019-10-17,-0.004134535006735077
2019-10-18,0.002857689178661833
2019-10-19,-0.0006604512876457217
2019-10-20,0.0023744291353507956
2019-10-21,-0.008547139932409338
2019-10-22,0.0018568384795318485
2019-10-23,0.015320077993552948
2019-10-24,0.0068852981952175814
2019-10-25,0.001369103788552537
2019-10-26,-0.0008708042183570336
2019-10-27,0.004945791628037062
2019-10-28,-0.002546278841076333
2019-10-29,0.001908317601961259
2019-10-30,-0.0007851173604190454
2019-10-31,0.006650748326403885
2019-11-01,-0.0008645579447210642
2019-11-02,0.0024610428986224678
2019-11-03,0.00214189488582141
2019-11-04,-0.000592215924292969
2019-11-05,-0.0019763132248172425
2019-11-06,-0.0009825559121458436
2019-11-07,0.002357415855433983
2019-11-08,0.0028313814293494314
2019-11-09,-0.002727200179197213
2019-11-10,-0.002028352526587095
2019-11-11,-0.0016308583022265426
2019-11-12,0.0008171723920137615
2019-11-13,0.00022169907804229954
2019-11-14,0.00733832141304531
2019-11-15,0.0010176880573316888
2019-11-16,-0.003598504808678485
2019-11-17,-0.002135469965633859
2019-11-18,-0.0005448781635932863
2019-11-19,-0.008755949634611675
2019-11-20,-0.0045917750788467965
2019-11-21,0.0006200204012996211
2019-11-22,-0.004162820094903041
2019-11-23,0.0030059008954556165
2019-11-24,0.006255695373510605
2019-11-25,0.006868206627236461
2019-11-26,0.0037465659289693514
2019-11-27,0.0012806420929416858
2019-11-28,-0.004804538145938336
2019-11-29,-0.0016311341405995535
2019-11-30,-0.0010644186455738465
2019-12-01,-0.006098347112517047
2019-12-02,-0.00573706585568935
2019-12-03,0.007898760776603305
2019-12-04,0.0005386338578998531
2019-12-05,0.005328616835398903
2019-12-06,-0.003909483137193434
2019-12-09,-0.0012969615487268902
2019-12-10,0.0026185831503369103
2019-12-11,0.006070911770328902
2019-12-12,-0.0024795953567240616
2019-12-13,0.0006033993036476375
2019-12-14,-0.0052714733664520185
2019-12-15,2.21005124849235e-05
2019-12-16,0.008774383853011
2019-12-17,-0.001430387973764507
2019-12-18,0.004510338833488942
2019-12-19,0.003970176240086118
2019-12-20,0.0033346049402830993
2019-12-21,-0.0023924815150997863
2019-12-22,0.001668146525693882
2019-12-23,-0.0013021021078119823
2019-12-24,-6.149664826333433e-05
2019-12-25,0.003591489168393016
2019-12-26,0.0008567618706641131
2019-12-27,0.003599860618468957
2019-12-28,-0.002585701059236779
2019-12-29,-0.006667842380377202
2019-12-30,0.0038143671717683313
2019-12-31,-0.0030326736580354743
2020-01-01,0.008554695064661525
2020-01-02,-0.0037964652929958825
2020-01-03,0.0006087222283651722
2020-01-04,0.0038129936207946013
2020-01-05,0.006752956281346546
2020-01-06,-0.0033188081427422385
2020-01-07,-3.558720999833301e-05
2020-01-08,0.00876454831753599
2020-01-09,-0.0021660157280731177
2020-01-10,0.0007544823787920651
2020-01-11,7.243578263349318e-05
2020-01-12,0.014954691386564875
2020-01-13,0.00258326253095159
2020-01-14,0.0009310927351471528
2020-01-15,0.00978575672108688
2020-01-16,0.002426494193417345
2020-01-17,-0.003927859215500573
2020-01-18,0.00011720352875846373
2020-01-19,0.0008083027955377957
2020-01-20,-0.0027891049536348037
2020-01-21,-0.002786994075733032
2020-01-22,0.00044897937951605905
2020-01-23,-0.010329513383760302
2020-01-24,0.0029647179998554688
2020-01-25,0.0032465843138671934
2020-01-26,-0.00933187035265719
2020-01-27,0.008703421395423482
2020-01-28,0.0018862874170051957
2020-01-29,-0.0004123622322395414
2020-01-30,-0.011608275057304426
2020-01-31,0.002223625584800208
2020-02-01,-0.00107619142499045
2020-02-02,0.004971832646508321
2020-02-03,0.01930863941644839
2020-02-04,0.007081646129434285
2020-02-05,0.0020755342771735345
2020-02-06,-0.0021076418921705726
2020-02-07,0.0010565446418728018
2020-02-08,-0.0013480323517309233
2020-02-09,0.00867685092266817
2020-02-10,0.007725087043659907
2020-02-11,0.0012596278304525985
2020-02-12,0.0026390285881382762
2020-02-13,-0.002974587125203776
2020-02-14,-0.00299876272350597
2020-02-15,0.0006141962820307573
2020-02-16,0.00529135797248804
2020-02-17,-0.006189315359211243
2020-02-18,0.0033789804010527953
2020-02-19,-0.001273086284564734
2020-02-20,-0.005749133892628895
2020-02-21,0.0022989906505833115
2020-02-22,-0.0027113213877571064
2020-02-23,-0.02676431804786694
2020-02-24,-0.01775502212592902
2020-02-25,-0.001503509711798348
2020-02-26,-0.015591718498461492
2020-02-27,-0.003670947798777569
2020-02-28,-0.0012532327924657679
2020-02-29,0.003317520660843675
2020-03-01,0.013239479623745274
2020-03-02,-0.006599881852529428
2020-03-03,0.013425327814832168
2020-03-04,-0.0055692106005026006
2020-03-05,-0.004101775675635706
2020-03-06,-0.004628039725285124
2020-03-07,-0.002730919721810798
2020-03-08,-0.015516455415028794
2020-03-09,0.006091135376743189
2020-03-10,-0.023812167243817073
2020-03-11,-0.014180272649442627
2020-03-12,0.008958785431858343
2020-03-13,0.0025827202547719433
2020-03-14,-0.004965817141360764
2020-03-15,-0.010283755439814836
2020-03-16,0.006544641844507378
2020-03-17,0.0007924694239156635
2020-03-18,-0.0003705507961361259
2020-03-19,-0.004912491411015005
2020-03-20,-0.0011482715469221592
2020-03-21,0.0019888903358395546
2020-03-22,-0.0016033914991981466
2020-03-23,0.009578818411608977
2020-03-24,0.0014284858521930858
2020-03-25,0.0069929002105595505
2020-03-26,-0.005454336864769409
2020-03-27,-0.0019153649760642749
2020-03-28,0.003634325877926025
2020-03-29,0.003799690699330782
2020-03-30,-0.001873611715226734
2020-03-31,-0.0019842907772564472
2020-04-01,0.0026141133425813157
2020-04-02,-0.0005538654706720258
2020-04-03,-0.000527663405316624
2020-04-04,0.005461389598632369
2020-04-05,0.00863255465314233
2020-04-06,0.0006989836896905448
2020-04-07,0.004534905629216932
2020-04-08,-0.0013233539733044867
2020-04-09,-0.0003494235829375226
2020-04-10,0.002152276370174989
2020-04-11,-0.0020051816561403794
2020-04-12,-0.0007586728905047353
2020-04-13,0.004772879925449565
2020-04-14,0.0015104958727691254
2020-04-15,0.0010240775230586146
2020-04-16,0.008176602333529452
2020-04-17,-0.00026159085511959674
2020-04-18,-0.003621601695396765
2020-04-19,-0.00174476784035773
2020-04-20,-0.0032213411235787037
2020-04-21,0.00840865499294066
2020-04-22,-0.0006930004074345373
2020-04-23,0.0037781354303819278
2020-04-24,0.0011368944765353555
2020-04-25,0.00017652217763289432
2020-04-26,0.0030806755158814584
2020-04-27,0.007412200671452161
2020-04-28,0.003507624569764743
2020-04-29,-0.0012897653751953403
2020-04-30,-0.007135352107392201
2020-05-01,-0.00017657387174814737
2020-05-02,0.0004101406470063391
2020-05-03,0.0009632113328815883
2020-05-04,0.004684794851236002
2020-05-05,0.002886410135309948
2020-05-06,0.0026931951274854113
2020-05-07,0.0024950020080276142
2020-05-08,-0.00910544633981149
2020-05-09,-0.0018295027259524355
2020-05-10,0.0035966057557761926
2020-05-11,0.0006726787196413751
2020-05-12,-0.0015172814229205158
2020-05-13,-0.0012712688545059754
2020-05-14,0.003018937328580964
2020-05-15,0.0037745212339871867
2020-05-16,0.0005920516328800751
2020-05-17,0.008341581634121263
2020-05-18,-0.004502523234731711
2020-05-19,-0.00046829976724825737
2020-05-20,0.0008082996776999944
2020-05-21,0.0007365017915354086
2020-05-22,-0.0012611340067136124
2020-05-23,-0.0014747391801998167
2020-05-24,-0.0010055553489563983
2020-05-25,0.003908436091103793
2020-05-26,0.0077000143682972874
2020-05-27,0.000940903697052208
2020-05-28,0.007620566448950538
2020-05-29,-0.0010958209460173764
2020-05-30,0.0025447631620651705
2020-05-31,-0.000851615784921929
2020-06-01,0.0033858787937202364
2020-06-02,0.004039242932115743
2020-06-03,-0.0029304287375411186
2020-06-04,0.0072490338900044644
2020-06-05,-9.223202771928649e-06
2020-06-06,0.00023723576214511585
2020-06-07,0.004989329282989117
2020-06-08,-0.0017568230012601795
2020-06-09,-0.006199582691927262
2020-06-10,-0.015551856312081972
2020-06-11,0.0024726073926690313
2020-06-12,-0.0015493499162843405
2020-06-13,0.0007638613658190163
2020-06-14,0.0035711963826118827
2020-06-15,0.00512458459894917
2020-06-16,-0.0016462783763098801
2020-06-17,6.600898860540252e-05
2020-06-18,-0.0004763916093031741
2020-06-19,-3.219897768441189e-05
2020-06-20,0.0048202735110794035
2020-06-21,0.0016983304720860548
2020-06-22,-0.0029676078822438935
2020-06-23,-0.007199366066311964
2020-06-24,0.0011752427343841728
2020-06-25,-0.008264759404946954
2020-06-26,0.0010388368215549866
2020-06-27,0.001515695633900899
2020-06-28,0.0032249450428575395
2020-06-29,0.0061145067846524286
2020-06-30,0.00046333405395066607
2020-07-01,0.0015995551346088374
2020-07-02,0.0006346551166061837
2020-07-03,-0.0010705709467272592
2020-07-04,0.003935536470421073
2020-07-05,0.004216361922014471
2020-07-06,0.0007871496258178499
2020-07-07,-0.00027734895761442576
2020-07-08,-0.0018988684970677552
2020-07-09,0.002520809201627215
2020-07-10,0.00036452244326641494
2020-07-11,-8.89480521378697e-05
2020-07-12,-0.0028546263620339344
2020-07-13,0.004094046847826503
2020-07-14,0.0014577879556614535
2020-07-15,-0.0007454156187520173
2020-07-16,0.0026564787930178756
2020-07-17,-0.00010489173328765837
2020-07-18,2.546267270940172e-05
2020-07-19,0.005867092432019305
2020-07-20,0.0006584788987959092
2020-07-21,0.007986720168301518
2020-07-22,-0.0016972902942530774
2020-07-23,0.0010602460348159825
2020-07-24,0.002122536151568513
2020-07-25,0.008530557525260812
2020-07-26,0.002246073937240705
2020-07-27,-0.000301057379874757
2020-07-28,0.00387881384869082
2020-07-29,0.002234104736573984
2020-07-30,0.007319971003564467
2020-07-31,-0.0037087614753048065
2020-08-01,0.001248765266796687
2020-08-02,0.0038587698312211147
2020-08-03,0.005510356209082149
2020-08-04,0.0003781813830060034
2020-08-05,-0.002035169526630731
2020-08-06,0.0022711002884787364
2020-08-07,-0.0007911741854926734
2020-08-08,0.0012919014425806917
2020-08-09,-0.004294998522610381
2020-08-10,-0.0008628906809521472
2020-08-11,0.010699410535470638
2020-08-12,0.0019445702999871702
2020-08-13,-2.4670466251898312e-05
2020-08-14,-0.0004480666440524354
2020-08-15,0.0030102730624077304
2020-08-16,0.00048614366742132944
2020-08-17,-0.003034716844250954
2020-08-18,4.026369247113538e-05
2020-08-19,-0.003856075322155577
2020-08-20,0.00195744254326995
2020-08-21,-0.00018764270394752946
2020-08-22,0.0019073485040377695
2020-08-23,-0.0029171329435395492
2020-08-24,0.00262568963334348
2020-08-25,0.0011504980050891823
2020-08-26,0.0027355953060948235
2020-08-27,0.0031405028333001575
2020-08-28,0.0021970479506492695
2020-08-29,0.0010016348382052742
2020-08-30,0.008008922753666738
2020-08-31,-0.005775852125980919
2020-09-01,-0.0018269024513259768
2020-09-02,-0.014912970777073837
2020-09-03,-0.011413517306497499
2020-09-04,0.0044513265290962644
2020-09-05,-0.002069380072849774
2020-09-06,-0.0019000690904874156
2020-09-07,-0.006345467099727605
2020-09-08,0.009708670338277261
2020-09-09,-0.004916386369897799
2020-09-10,0.0023252005420258473
2020-09-11,-0.0030246381012061655
2020-09-12,0.004024144132032248
2020-09-13,0.005410951350690159
2020-09-14,0.0027778234968080973
2020-09-15,0.0016274792429865274
2020-09-16,-0.003555823718104556
2020-09-17,-0.0016698857679018101
2020-09-18,-0.006864880478618471
2020-09-19,-0.004116830575593127
2020-09-21,-0.000992071023372312
2020-09-22,-0.0027226290676721733
2020-09-23,0.00042672939906606273
2020-09-24,0.008791334429137869
2020-09-25,0.0038105642055378114
2020-09-28,-0.0017673546272512848
2020-09-29,0.0015228686218964217
2020-09-30,0.0003867829958639624
2020-10-01,-0.0021728048920332654
2020-10-02,0.0007254665199849703
2020-10-03,0.0006980982913458877
2020-10-04,0.00447525388547459
2020-10-05,-0.0036816948741267333
2020-10-06,0.008728409577096889
2020-10-07,0.005305710457257407
2020-10-08,0.005778635332751826
2020-10-09,-0.000568670564266521
2020-10-10,0.004175725996848805
2020-10-11,0.0024140188643245884
2020-10-12,-0.002211877869230858
2020-10-13,-0.000909072372826244
2020-10-14,-0.0030057146437064836
2020-10-15,0.0002540720680617834
2020-10-16,0.0014868234884218702
2020-10-17,0.0019152741832550466
2020-10-18,-0.005277683544443654
2020-10-19,0.008323926996216383
2020-10-20,0.0014994732685655301
2020-10-21,0.0007986658214606412
2020-10-22,0.0020893043233143936
2020-10-23,-0.00032808876743234877
2020-10-24,-0.001576016762490471
2020-10-25,-0.0013238387497612964
2020-10-26,-0.004432702787201706
2020-10-27,-0.010187899449885494
2020-10-28,0.0026869277323381614
2020-10-29,-0.0033850247589922848
2020-10-30,0.0008620613009117145
2020-10-31,-0.0019971773327427294
2020-11-01,0.004723221320774313
2020-11-02,0.009104091813455163
2020-11-03,0.014122824764322778
2020-11-04,0.009860674968839344
2020-11-05,-0.0034623384847350235
2020-11-06,0.0036940522579753305
2020-11-07,-0.0004952981759737691
2020-11-08,0.002250610308859677
2020-11-09,0.0037338766133776374
2020-11-10,0.0035407302508751156
2020-11-11,-0.0019928610657782573
2020-11-12,0.00274091972627316
2020-11-13,-0.002086375971468145
2020-11-14,0.00465401474765832
2020-11-15,0.008689192384852055
2020-11-16,-0.0005976437409289833
2020-11-17,-0.003307510603531502
2020-11-18,0.007394071998444249
2020-11-19,0.00178506420183948
2020-11-20,0.0019733794747407133
2020-11-21,0.0018140656635495995
2020-11-22,0.003698278172777191
2020-11-23,0.0027253449438817616
2020-11-24,-0.009840340242890697
2020-11-25,-0.00010049999976286066
2020-11-26,0.00692293942102535
2020-11-27,0.003273068889321014
2020-11-28,0.006369228269470464
2020-11-29,-0.002795496684456801
2020-11-30,0.003575270678881803
2020-12-01,0.0020904929860186094
2020-12-02,-0.003652714422808199
2020-12-03,0.00536082115936213
2020-12-04,0.0012973083535692547
2020-12-05,-0.0012480177732613815
2020-12-06,-0.0028516264639098362
2020-12-07,0.0028569065410885925
2020-12-08,-0.004647209129501931
2020-12-09,-0.0005003553890076908
2020-12-10,0.0029653412215005517
2020-12-11,0.0026498326530744894
2020-12-12,-0.0003456140162252728
2020-12-13,9.406686916545346e-06
2020-12-14,0.013139254979627365
2020-12-15,0.004849395974319462
2020-12-16,0.004623042624086384
2020-12-17,0.003476873945103879
2020-12-18,-0.004407154742123629
2020-12-19,-0.000958114795922022
2020-12-20,-0.001256057991057534
2020-12-21,-0.0020978628824860727
2020-12-22,0.001046294112878454
2020-12-23,0.004209139332539202
2020-12-24,0.0070498561544839805
2020-12-25,0.001621411975443227
2020-12-26,0.0037373528932472225
2020-12-27,0.0016659916287528722
2020-12-28,0.004532780476599712
2020-12-29,0.0010342588048751864
2020-12-30,0.0014186313283462064
2020-12-31,0.007160720759132983
2021-01-01,0.013782517183858574
2021-01-02,-0.0019774797791076537
2021-01-03,0.00239017768239241
2021-01-04,0.012526810902504449
2021-01-05,0.012814271565796512
2021-01-06,0.006204533642303822
2021-01-07,0.008100758711687778
2021-01-08,-0.003603350977986624
2021-01-09,-0.01505907228432728
2021-01-10,0.0014382064264995725
2021-01-11,0.008873725855004531
2021-01-12,0.0040257738135822075
2021-01-13,-0.0036805506619585217
2021-01-14,-0.0019167509551811625
2021-01-15,0.002610396600407792
2021-01-16,-0.0010942453384427194
2021-01-17,0.005948263207567656
2021-01-18,0.0005153997916342225
2021-01-19,-0.005301992367150794
2021-01-20,0.006856481062043839
2021-01-21,-0.002685884939562113
2021-01-22,0.003819882158616911
2021-01-23,0.0012002524801122264
2021-01-24,0.0023677566000302125
2021-01-25,-0.0053517969797031535
2021-01-26,-0.0087106872027479
2021-01-27,0.007448155918060086
2021-01-28,-0.009931664125013598
2021-01-29,-0.005573676073758241
2021-01-30,0.002758708263087282
2021-01-31,0.017136067031506667
2021-02-01,0.009452637811531888
2021-02-02,0.0004795409657508252
2021-02-03,0.006645311309455372
2021-02-04,0.0061651706499539095
2021-02-05,-0.0039484515171919555
2021-02-06,0.009406986874499446
2021-02-07,0.008343905784155628
2021-02-08,-0.0035445440625553023
2021-02-09,0.0019475686103883393
2021-02-10,0.0028269189995431543
2021-02-11,0.0009734875888873426
2021-02-12,0.0017970005221220418
2021-02-13,-0.002063493752942253
2021-02-14,0.0002880048811560729
2021-02-15,0.0032493305858445494
2021-02-16,0.00205088090896874
2021-02-17,-0.0010207117373310774
2021-02-18,0.00030078445924888324
2021-02-19,8.284566301382301e-05
2021-02-20,-0.005385410260255008
2021-02-21,-0.02150720734582846
2021-02-22,-5.468356247996674e-05
2021-02-23,0.003398653136010526
2021-02-24,-0.016448994661135478
2021-02-25,0.0005141824290877748
2021-02-26,-0.0026704073090260292
2021-02-27,0.005036350839751097
2021-02-28,0.007501508436869555
2021-03-01,0.00011979080128140672
2021-03-02,-0.010630050324683145
2021-03-03,-0.005228821215054527
2021-03-04,0.009408693953242099
2021-03-05,0.0011346680665410588
2021-03-06,0.0031188660151684673
2021-03-07,-0.0004205913905202265
2021-03-08,0.00868536272288935
2021-03-09,0.0034857103196536832
2021-03-10,0.0033611310021220966
2021-03-11,0.005698527622034093
2021-03-12,-0.0012312377730095436
2021-03-13,-0.003018540458659953
2021-03-14,0.003080638245844127
2021-03-15,7.346655588456977e-05
2021-03-16,9.304689812466712e-05
2021-03-17,-0.008343741229026572
2021-03-18,0.0025207346205646194
2021-03-19,-0.0009158847493434998
2021-03-20,-0.005110005921590583
2021-03-21,0.003672133442330206
2021-03-22,-0.0080878856114467
2021-03-23,-0.00493493119367126
2021-03-24,0.006800633156967654
2021-03-25,0.009428511276377009
2021-03-26,-0.0020567455210863455
2021-03-27,0.004286348144683607
2021-03-28,0.0003178652798721811
2021-03-29,0.0008282391472751302
2021-03-30,0.004184540561060589
2021-03-31,0.007143087410750836
2021-04-01,-0.0019255351623022922
2021-04-02,0.0010988003915777802
2021-04-03,0.0012838716950410035
2021-04-04,0.005195999107674566
2021-04-05,-0.0007437147759107496
2021-04-06,-0.002264574687885925
2021-04-07,0.003344804230489081
2021-04-08,0.005052718328929719
2021-04-09,0.0007942316380849775
2021-04-10,0.0006091936308567301
2021-04-11,0.005657498279651259
2021-04-12,0.005428422664916219
2021-04-13,0.00136678055867701
2021-04-14,0.004626815150561452
2021-04-15,0.0011139049540097585
2021-04-16,-0.007230050016112198
2021-04-17,-0.00039699626809472827
2021-04-18,-0.0009982333316864347
2021-04-19,-0.005345767841791884
2021-04-20,0.005804207759504871
2021-04-21,-0.008288766517864537
2021-04-22,0.006005476834572348
2021-04-23,-0.005211543483212586
2021-04-24,0.012374869523901086
2021-04-25,0.006561660445927791
2021-04-26,0.0002795136443913058
2021-04-27,-0.002143533869608835
2021-04-28,0.005116251716682013
2021-04-29,-0.0007630902370442904
2021-04-30,4.753106931939109e-05
2021-05-01,0.0060187338698567275
2021-05-02,0.0005374828909875223
2021-05-03,-0.002666342108457748
2021-05-04,-3.500812890705826e-05
2021-05-05,0.0036968726293116084
2021-05-06,0.0126421467429494
2021-05-07,-0.0005753618009972615
2021-05-08,-0.0013471140084954849
2021-05-09,-0.005756798835663925
2021-05-10,-0.006628621496182852
2021-05-11,-0.02457255479748101
2021-05-12,0.007323814274493253
2021-05-13,0.004290372750140458
2021-05-14,-0.004909220685415922
2021-05-15,-0.002891467331794291
2021-05-16,-0.0002178538004372777
2021-05-17,-0.013964781979816742
2021-05-18,0.0017330796833001062
2021-05-19,-0.002328779982064802
2021-05-20,0.001075761557618075
2021-05-21,-0.007142733876656819
2021-05-22,0.010952358789925579
2021-05-23,0.0037264279006343
2021-05-24,0.0012333702999035429
2021-05-25,0.0013680814858025997
2021-05-26,-0.008016021463789609
2021-05-27,-0.0008730667138407885
2021-05-28,0.003348003217851305
2021-05-29,0.0036287577197912035
2021-05-30,-0.0009306052262307207
2021-05-31,0.0015808700106053595
2021-06-01,0.0022458887910546017
2021-06-02,-0.004066936896012459
2021-06-03,0.0009736321959370608
2021-06-04,0.00323280512216726
2021-06-05,-0.0036764009756391634
2021-06-06,0.0013510475983859228
2021-06-07,0.006079748587186312
2021-06-08,-0.0003641467567962324
2021-06-09,0.005332617878333343
2021-06-10,3.670487870943733e-05
2021-06-11,0.006797096579246335
2021-06-12,0.002691264906329219
2021-06-13,0.00017853052769595972
2021-06-14,-0.00628385028942803
2021-06-15,-0.0072852487744760825
2021-06-16,-0.004032946886960747
2021-06-17,-0.010929187228432393
2021-06-18,0.0006621000983134601
2021-06-19,-0.012604982138910098
2021-06-20,0.01322487443103073
2021-06-21,0.0054331861505328895
2021-06-22,0.0022503103230701108
2021-06-23,-0.0015012962714081649
2021-06-24,0.0006018478858850817
2021-06-25,0.003678127548468905
2021-06-26,0.00875702028631086
2021-06-27,0.005541358765114969
2021-06-28,-0.001647380529995334
2021-06-29,-0.0026544813741530707
2021-06-30,0.004227392028317953
2021-07-01,0.007855481967794297
2021-07-02,0.005267236926653067
2021-07-03,-0.0047352675797284775
2021-07-04,0.0002303486849616396
2021-07-05,-0.0011375861357892669
2021-07-06,-0.005460967453259667
2021-07-07,-0.0013243579056211882
2021-07-08,0.0067975706861414095
2021-07-09,0.0028740072695169986
2021-07-10,-0.004946757872796734
2021-07-11,-0.0008706664824944576
2021-07-12,-0.004349649908081314
2021-07-13,-0.006771122379424476
2021-07-14,-0.004574315987529451
2021-07-15,-0.004156541099668247
2021-07-16,0.0004648021336003703
2021-07-17,-0.003959758125328772
2021-07-18,-0.011791175047252953
2021-07-19,0.021327584506912873
2021-07-20,0.0059583505033338055
2021-07-21,0.0019367958996033862
2021-07-22,0.009776678996158101
2021-07-23,0.00035518370502990454
2021-07-24,0.003631152446439281
2021-07-25,0.0016244294372920055
2021-07-26,-0.00045600868412030103
2021-07-27,0.0028905905421755403
2021-07-28,0.006025906531817395
2021-07-29,-0.0030886803864972746
2021-07-30,0.0006059217133433037
2021-07-31,-0.002555458370430315
2021-08-01,-0.002567583974519511
2021-08-02,0.012565658224493969
2021-08-03,-0.0019160099249154814
2021-08-04,0.007410768569607951
2021-08-05,0.0016711302605184413
2021-08-06,7.895610907242448e-05
2021-08-07,0.00231816705384894
2021-08-08,0.0018547152244331924
2021-08-09,0.0008525438825267868
2021-08-10,-0.005553938936959349
2021-08-11,0.0092479179756207
2021-08-12,-0.0002956208850872861
2021-08-13,-8.754656959762493e-05
2021-08-14,-0.0020804615204772234
2021-08-15,-0.0026851604234176176
2021-08-16,-0.004600601018114564
2021-08-17,-0.004467371672146297
2021-08-18,0.0021876818218415674
2021-08-19,0.007371913626092328
2021-08-20,-0.0016886253745957336
2021-08-21,0.0030051141591748145
2021-08-22,0.006343633637044042
2021-08-23,0.0031511471047100197
2021-08-24,-0.001810044222833627
2021-08-25,-0.001924796335837991
2021-08-26,0.00699572069705468
2021-08-27,-7.625804824262715e-05
2021-08-28,0.00046719541147153697
2021-08-29,0.003813555850110825
2021-08-30,0.005573295218376164
2021-08-31,0.003208618482978714
2021-09-01,0.006503081945360288
2021-09-02,-0.0007059857697713166
2021-09-03,0.0019010840821452647
2021-09-04,0.0006151020210670538
2021-09-05,-0.01155899478848221
2021-09-06,-0.004354417297312561
2021-09-07,-0.0008477410144944044
2021-09-08,-0.009381849763111644
2021-09-09,-0.003995485132835292
2021-09-10,0.0004296751888387983
2021-09-11,-0.0007602165067362938
2021-09-12,0.0013667754894652992
2021-09-13,-0.000646401283050144
2021-09-14,0.007152862169185687
2021-09-15,-0.002864567013502725
2021-09-16,-0.00492899231463272
2021-09-17,-0.0014476177116724866
2021-09-18,-0.007864860792746722
2021-09-19,-0.020857145300361576
2021-09-20,0.005100790739186835
2021-09-21,0.008141236043964533
2021-09-22,0.004162799489876444
2021-09-23,-0.002082642095320496
2021-09-24,0.00120860204721054
2021-09-25,-0.004023522316245208
2021-09-27,-0.015781333829650912
2021-09-28,0.005397092319606492
2021-09-29,-1.9528825483432518e-05
2021-09-30,0.005477654010819994
2021-10-01,-0.0005209668710372275
2021-10-02,0.0006398239878039505
2021-10-03,-0.004329614771241728
2021-10-04,0.007998595740530952
2021-10-05,0.00012289500326732213
2021-10-06,0.006750561827535033
2021-10-07,-0.002374112224830158
2021-10-08,-0.00129251156163462
2021-10-09,0.002284743155877812
2021-10-10,-0.0048560371918624605
2021-10-11,0.002114231333288377
2021-10-12,0.0053661292615042365
2021-10-13,0.014127950284758647
2021-10-14,0.0021787878823727787
2021-10-15,-0.0004401751248068217
2021-10-16,0.00032517907576194743
2021-10-17,0.0031585208389499175
2021-10-18,0.00944078831096523
2021-10-19,0.0012511895325108065
2021-10-20,-0.00014917519366820027
2021-10-21,0.0005155906416191104
2021-10-22,-0.00033359152609536464
2021-10-23,0.0023060322801259745
2021-10-24,0.0036627190235206217
2021-10-25,-0.0026080886579555773
2021-10-26,-0.0013121108679735526
2021-10-27,0.013585448013535926
2021-10-28,-8.3714069834121e-05
2021-10-29,0.00023129666989532896
2021-10-30,-0.0006886193571674477
2021-10-31,0.010074555800514497
2021-11-01,0.0035113619207172643
2021-11-02,0.005262069608245945
2021-11-03,0.0022010822994904373
2021-11-04,0.0028518970084128385
2021-11-05,0.00243163928666969
2021-11-06,0.004160855832952374
2021-11-07,0.0005399404610672634
2021-11-08,-0.008606300834706959
2021-11-09,-0.004185536569299485
2021-11-10,-0.0011442431747833298
2021-11-11,0.0050163661051665885
2021-11-12,-0.000752536636370598
2021-11-13,-0.000503700488721534
2021-11-14,-0.006123919490142872
2021-11-15,0.0032863783279339447
2021-11-16,-0.0064565540170065695
2021-11-17,0.00442970777463826
2021-11-18,0.0004687029961516851
2021-11-19,-0.0019846531513314832
2021-11-20,-0.004658880386794955
2021-11-21,0.0004706368055572313
2021-11-22,-0.001990833976363457
2021-11-23,0.005488123352257914
2021-11-24,-0.008550638897689146
2021-11-25,-0.015589607970767569
2021-11-26,0.0034375249607327078
2021-11-27,0.0033200626123768345
2021-11-28,0.007021701679794486
2021-11-29,-0.015814793752106062
2021-11-30,-0.00872079620748222
2021-12-01,0.0026932449014898316
2021-12-02,-0.010397385981462412
2021-12-03,0.0011405618598756965
2021-12-04,0.002259475617693281
2021-12-05,0.005983561020454848
2021-12-06,0.013592746062732107
2021-12-07,-0.000898105597417763
2021-12-08,-0.006666543806744593
2021-12-09,0.0035549724666925054
2021-12-10,0.0016278556976759926
2021-12-11,-0.004994858678239496
2021-12-12,-0.0005994275244957101
2021-12-13,-0.0015657320762416508
2021-12-14,0.009900320745075124
2021-12-15,-0.006721243345878801
2021-12-16,-0.0022784092970618403
2021-12-17,-0.0007419842894168333
2021-12-18,0.0004224272272625406
2021-12-19,-0.00373588485974291
2021-12-20,0.00951869842779272
2021-12-21,0.007963161317767408
2021-12-22,0.003385016610044048
2021-12-23,0.0006085409737072238
2021-12-24,-0.00038545618685842094
2021-12-25,-1.9656327419397326e-05
2021-12-26,0.000929557104206398
2021-12-27,-0.0023511398399623453
2021-12-28,0.0016014910869717512
2021-12-29,-0.0021869835013659305
2021-12-30,0.00023757006159579969
2021-12-31,0.00041342625331846467
2022-01-01,-0.0023324761791979343
2022-01-02,0.005272262907383863
2022-01-03,-0.009435485545581934
2022-01-04,-0.015389911513685526
2022-01-05,-0.004550078150201074
2022-01-06,-0.0046854505418445535
2022-01-07,0.001843586019921321
2022-01-08,-0.0019105269414750642
2022-01-09,0.002679648264006647
2022-01-10,0.008393801056033637
2022-01-11,-0.002406867794673979
2022-01-12,-0.0074457463088117804
2022-01-13,0.0010875409507987055
2022-01-14,-0.0004652673814500019
2022-01-15,-0.0035916581796066683
2022-01-16,0.0009246726002573449
2022-01-17,-0.013728541997227438
2022-01-18,-0.006257655396615419
2022-01-19,-0.017756437146783304
2022-01-20,-0.012564123670627538
2022-01-21,-0.00020870802858511325
2022-01-22,0.0017541474805064419
2022-01-23,0.0018437120365534538
2022-01-24,-0.005475803402701882
2022-01-25,-0.0038064208619152298
2022-01-26,0.0011432046292578753
2022-01-27,0.012695981079332798
2022-01-28,-0.0012294901871407406
2022-01-29,0.0018674296764764479
2022-01-30,0.010518082836339078
2022-01-31,0.00027512552054488853
2022-02-01,0.0019832242379960617
2022-02-02,-0.0017321548804170787
2022-02-03,0.004138793527860414
2022-02-04,-0.00018525185849474303
2022-02-05,0.0037343981653800325
2022-02-06,-0.0005902607517519148
2022-02-07,0.004645803147283282
2022-02-08,0.005096027938110672
2022-02-09,-0.011528820251662627
2022-02-10,-0.006884760487152957
2022-02-11,0.00019513297477849437
2022-02-12,0.0004795220805805283
2022-02-13,0.0004157801170459351
2022-02-14,0.008038379487797422
2022-02-15,-0.004956020122032092
2022-02-16,-0.010360078725646822
2022-02-17,-0.004431440847483881
2022-02-18,-0.003188552473254393
2022-02-19,-0.0012404380654380369
2022-02-20,0.0008050759610358267
2022-02-21,-0.005483427256047338
2022-02-22,-0.006293132083273742
2022-02-23,0.008709025285014117
2022-02-24,0.013408669728077001
2022-02-25,-0.0038630626258857287
2022-02-26,0.0062973698517960345
2022-02-27,0.0038597119016599785
2022-02-28,-0.003397243943652333
2022-03-01,0.00395172470927007
2022-03-02,-0.006494724527618827
2022-03-03,-0.0006450198702678877
2022-03-04,-0.0006783291719089886
2022-03-05,-0.002799015668118293
2022-03-06,-0.008082230255383606
2022-03-07,0.0011971724433954556
2022-03-08,0.004964358937759351
2022-03-09,-0.0011048027813841436
2022-03-10,-0.005854405191785268
2022-03-11,-0.0007822948912562704
2022-03-12,-0.00025836399524996155
2022-03-13,-0.0019232102500224945
2022-03-14,0.012361364324422678
2022-03-15,0.008631771192709001
2022-03-16,0.009804990028414121
2022-03-17,0.004584784330928413
2022-03-18,-0.0015504954790030532
2022-03-19,0.0003013754284092971
2022-03-20,0.0032820924619831227
2022-03-21,0.0033667278461503624
2022-03-22,-0.001762760854841833
2022-03-23,0.006321204034212449
2022-03-24,0.0028170948878647284
2022-03-25,0.0041230830627090684
2022-03-26,0.0024114612170920867
2022-03-27,0.002716228975542616
2022-03-28,0.006084133850218553
2022-03-29,-0.005446705510722876
2022-03-30,-0.0042362150799869136
2022-03-31,0.004743219901677814
2022-04-01,0.0011457027476099069
2022-04-02,-0.00046818534798634024
2022-04-03,0.001273693765106422
2022-04-04,-0.012057199901380867
2022-04-05,-0.0014894607798338398
2022-04-06,0.003325063437149954
2022-04-07,-0.00013045904077319966
2022-04-08,0.00045776545532528833
2022-04-09,-0.008318100411585453
2022-04-10,-0.009103705816915842
2022-04-11,0.003114395557204021
2022-04-12,0.004033624998176499
2022-04-13,-0.0037416425715737023
2022-04-14,0.0005269546161173803
2022-04-15,-0.0005227977548012774
2022-04-16,0.0008240333413448686
2022-04-17,-0.0013031322334760625
2022-04-18,0.008306450378290399
2022-04-19,-0.00100234833109229
2022-04-20,-0.010974497427083271
2022-04-21,-0.015218164700962728
2022-04-22,-0.0006309884542004556
2022-04-23,0.001549315412654148
2022-04-24,-0.0028225097360540454
2022-04-25,-0.01031048575735532
2022-04-26,0.0016719304733422338
2022-04-27,0.005837222489354881
2022-04-28,-0.016056686836673974
2022-04-29,0.00021741868559266823
2022-04-30,0.001199484653750853
2022-05-01,-0.0003013643386518932
2022-05-02,0.007246900991252936
2022-05-03,0.0050698714954166176
2022-05-04,-0.014606716652257172
2022-05-05,-0.0038379628880634595
2022-05-06,-0.002024969721508142
2022-05-07,-0.008972167486999243
2022-05-08,-0.012179198312393
2022-05-09,-0.005071038962621387
2022-05-10,-0.00891615436719757
2022-05-11,0.007803766695440021
2022-05-12,0.00694079591697334
2022-05-13,0.0036202050212300204
2022-05-14,-0.0025582416927761075
2022-05-15,0.0010536662110528742
2022-05-16,0.0022675914678890277
2022-05-17,-0.010848647786757407
2022-05-18,-0.003476254991577667
2022-05-19,0.0006828574890257671
2022-05-20,0.0021894611935286555
2022-05-21,-0.002005758339111062
2022-05-22,0.005560130000937838
2022-05-23,-0.0018478511357102121
2022-05-24,0.0006862136219665483
2022-05-25,0.003238982961529477
2022-05-26,0.010511928320641854
2022-05-27,0.0009627602934136648
2022-05-28,0.008057742102960334
2022-05-29,-0.0011026641265820996
2022-05-30,-0.009195890772357307
2022-05-31,-0.0006677538862575268
2022-06-01,0.004173709402242435
2022-06-02,-0.0039461602174405514
2022-06-03,0.0007412573768698689
2022-06-04,0.0036780053394074087
2022-06-05,0.00022979406678630976
2022-06-06,0.0025423883970298643
2022-06-07,-0.0043328634977128
2022-06-08,-0.014280459368955084
2022-06-09,-0.013475343030647914
2022-06-10,-0.0036148941799136873
2022-06-11,-0.012093319928546094
2022-06-12,-0.01810970087618398
2022-06-13,0.0011622114199837939
2022-06-14,-0.0019348555585739138
2022-06-15,-0.010344355751821736
2022-06-16,-0.006986846267187731
2022-06-17,0.009766990169574602
2022-06-18,-0.0008355992381844215
2022-06-19,0.0016538820012641658
2022-06-20,0.004776378159315944
2022-06-21,0.002931380622476892
2022-06-22,0.007617012277824149
2022-06-23,0.008627327790127615
2022-06-24,-0.0005600454864731118
2022-06-25,-0.0014942064371456533
2022-06-26,-0.0011933625410111002
2022-06-27,-0.006757920871651019
2022-06-28,-0.004727385545935638
2022-06-29,-0.0002724819460855231
2022-06-30,0.004083229916319441
2022-07-01,-1.888126809162753e-05
2022-07-02,0.0025897652314414337
2022-07-03,0.0012137050339539519
2022-07-04,0.0004930109509813821
2022-07-05,0.004878985938830745
2022-07-06,0.005558000182462968
2022-07-07,-0.00043247329730477694
2022-07-08,-0.002636663581605927
2022-07-09,-0.003069246627799857
2022-07-10,-0.008075206368278832
2022-07-11,-0.0004273672266406113
2022-07-12,0.003028415904532654
2022-07-13,0.001542950841181911
2022-07-14,0.009107764705664543
2022-07-15,0.00025821455896602526
2022-07-16,0.003853631039458143
2022-07-17,0.0024229206954633846
2022-07-18,0.009222359141177654
2022-07-19,0.0024314838136404384
2022-07-20,0.001763955935308534
2022-07-21,-0.0051849723628005105
2022-07-22,0.0035458733995817676
2022-07-23,-0.003981710836557622
2022-07-24,-0.003895309370751294
2022-07-25,0.006403279376244751
2022-07-26,0.01493565285502923
2022-07-27,0.003567811159393735
2022-07-28,0.004089010608707237
2022-07-29,8.730797948720319e-05
2022-07-30,-0.00247751352512963
2022-07-31,-0.0003696238411733229
2022-08-01,-0.0017745051796412142
2022-08-02,0.0033508387468058794
2022-08-03,0.002811446939361785
2022-08-04,0.00031935360370192735
2022-08-05,0.00028130924115179275
2022-08-06,0.0026952952587958674
2022-08-07,-0.0017682091494948262
2022-08-08,0.002300718273869977
2022-08-09,0.011965582313570243
2022-08-10,-0.0007198064294573655
2022-08-11,0.010922007377226449
2022-08-12,-0.001190245719368802
2022-08-13,-0.0016976411599372294
2022-08-14,0.0011038114558744082
2022-08-15,-0.0018279682779384367
2022-08-16,-0.0034503004149683304
2022-08-17,-0.009408582880227893
2022-08-18,-0.006481368846665884
2022-08-19,0.0016655126587539362
2022-08-20,-0.0015000003895339487
2022-08-21,-0.006303772949128451
2022-08-22,0.000729495937757501
2022-08-23,0.002684090979255629
2022-08-24,0.00039057579663685934
2022-08-25,-0.020577662105390998
2022-08-26,0.000205977927113177
2022-08-27,0.002021718976939034
2022-08-28,-0.003492418901316717
2022-08-29,-0.003362006407639121
2022-08-30,-0.003149005458247401
2022-08-31,0.0013209560493097473
2022-09-01,-0.0057245001105649795
2022-09-02,0.0006622668574088529
2022-09-03,0.00017846823902583904
2022-09-04,-0.002557077498940524
2022-09-05,0.0006494481382981503
2022-09-06,0.009545735723552336
2022-09-07,0.011474102613083518
2022-09-08,0.008126400990974551
2022-09-09,-0.00030504865501443634
2022-09-10,0.001293221923126917
2022-09-11,-0.0032733675550851472
2022-09-12,-0.016128515135734524
2022-09-13,-0.000609804378895019
2022-09-14,-0.0047725690706297424
2022-09-15,-0.0019527062342414754
2022-09-16,-0.003931415006421786
2022-09-17,0.0012463122875280214
2022-09-18,-0.0014038488970012785
2022-09-19,-0.007758227930189235
2022-09-20,-0.002917970768289699
2022-09-21,-0.002973879095601147
2022-09-22,-0.008973545502183232
2022-09-23,-0.0016813055378875118
2022-09-24,0.0022077691757995494
2022-09-25,-0.00472382555822152
2022-09-26,0.0024098707094775446
2022-09-27,0.010731501817840992
2022-09-28,-0.009222964734177117
2022-09-29,-0.006089348495369127
2022-09-30,-0.0008525044792927883
2022-10-01,0.001766546610327556
2022-10-02,0.012992675162920724
2022-10-03,0.009490135722322782
2022-10-04,-0.0007879447311011631
2022-10-05,-0.004026576552455655
2022-10-06,-0.010118645427693647
2022-10-07,0.0007390040508347625
2022-10-08,-0.000977321817298539
2022-10-09,-0.0031175667711250627
2022-10-10,0.0007277856016510146
2022-10-11,-0.0007605974848472711
2022-10-12,0.007442615587635582
2022-10-13,-0.00932515607104588
2022-10-14,0.0008112448142468192
2022-10-15,0.0019893035077425806
2022-10-16,0.007277694625035685
2022-10-17,0.0028737793347620444
2022-10-18,-0.0035047973867214735
2022-10-19,-0.0022938997895607083
2022-10-20,0.009040255202588608
2022-10-21,0.0021875586801489507
2022-10-22,-0.0009213706374490509
2022-10-23,0.009644534707014896
2022-10-24,0.008319065008413978
2022-10-25,-0.0016093433095142823
2022-10-26,-0.0005598900005544665
2022-10-27,0.009191127442988526
2022-10-28,-0.001362155936934351
2022-10-29,-0.0011581498475603045
2022-10-30,-0.0012969314208261281
2022-10-31,-0.003112039185046122
2022-11-01,-0.008176579540548162
2022-11-02,0.003018908802009361
2022-11-03,0.0038327090688373166
2022-11-04,-0.0012186597632653476
2022-11-05,-0.0020840846521214835
2022-11-06,-0.008578782860879621
2022-11-07,-0.011798259079552975
2022-11-08,0.0033509725011013052
2022-11-09,0.014080780322678637
2022-11-10,0.0019082682402566632
2022-11-11,-0.0020941328849843417
2022-11-12,0.0003878070261896457
2022-11-13,-0.00031077856784047673
2022-11-14,0.0014579192390100403
2022-11-15,-0.0028078034029605362
2022-11-16,-0.0012293882741751798
2022-11-17,0.0022776507092648183
2022-11-18,-0.00402564790017447
2022-11-19,-0.0029165544033052746
2022-11-20,0.0011951627642990358
2022-11-21,0.008222104621716958
2022-11-22,0.0031794183170753398
2022-11-23,-8.216808461906692e-05
2022-11-24,0.0007083858078159733
2022-11-25,0.0004530496564689945
2022-11-26,-0.0028091489406352516
2022-11-27,-0.0028489292544013655
2022-11-28,0.003956803842641377
2022-11-29,0.011072314097104668
2022-11-30,0.0012887201955193428
2022-12-01,-0.0004065466770561008
2022-12-02,0.0010926374916707265
2022-12-03,-0.0010514185354599677
2022-12-04,-0.00812211292347787
2022-12-05,-0.007418140914332918
2022-12-06,0.0031634447789075986
2022-12-07,0.0024455144215245537
2022-12-08,-0.004335776997253577
2022-12-09,-0.00017721128845652847
2022-12-10,0.0006307951066695819
2022-12-11,0.008854300462077245
2022-12-12,0.003067080438882511
2022-12-13,-0.0040170563295786246
2022-12-14,-0.013429309303967
2022-12-15,-0.005326141581725386
2022-12-16,0.0002754478679506019
2022-12-17,-0.0007892786722152172
2022-12-18,-0.0011484106411946
2022-12-19,0.00019778562711739907
2022-12-20,0.006540870008894593
2022-12-21,-0.005207318988852902
2022-12-22,0.0020314857484632896
2022-12-23,-5.585892652104324e-06
2022-12-24,-6.027870465108712e-05
2022-12-25,-0.000696658658727874
2022-12-26,-0.00352214358747188
2022-12-27,-0.004197437032560224
2022-12-28,0.00690138763277422
2022-12-29,-0.0010195014690489443
2022-12-30,0.0003112355557102422
2022-12-31,0.0006705117581986952
2023-01-01,4.579104276704181e-06
2023-01-02,-0.00021461851188158041
2023-01-03,0.002904027792435654
2023-01-04,-0.002463762145593153
2023-01-05,0.008360563668522692
2023-01-06,0.0013987034865412958
2023-01-07,0.001211576985157238
2023-01-08,-0.0008914250189778614
2023-01-09,0.006626398762172044
2023-01-10,0.007589307990913404
2023-01-11,0.005734482609312661
2023-01-12,0.007932420484316244
2023-01-13,-0.00014237294607090815
2023-01-14,0.0015185190039496408
2023-01-15,-0.00046009532209251915
2023-01-16,-0.003595924954626967
2023-01-17,-0.004240325415419878
2023-01-18,0.004207016879843686
2023-01-19,0.00583957216407836
2023-01-20,-0.00016273082507585923
2023-01-21,0.0004796066339977096
2023-01-22,0.0012663130203104586
2023-01-23,0.001939802132947811
2023-01-24,-0.0005078784110076159
2023-01-25,0.00423692475079586
2023-01-26,-0.00019249289301614074
2023-01-27,0.0037579410727658913
2023-01-28,-0.0042519595397914325
2023-01-29,-0.004354431837103608
2023-01-30,0.00925001384936879
2023-01-31,0.003382937754749696
2023-02-01,0.004682797746938329
2023-02-02,-0.004475144259073266
2023-02-03,-0.0019093509423437514
2023-02-04,-0.0008533254459465987
2023-02-05,0.00023797550922316995
2023-02-06,0.0025783676640274713
2023-02-07,-0.010034052387587238
2023-02-08,-0.0047513824613988915
2023-02-09,0.00365397951060832
2023-02-10,-0.0008316326099199308
2023-02-11,-0.0002577309387589784
2023-02-12,0.006624003864557321
2023-02-13,0.00886049432762391
2023-02-14,-0.001768998247551927
2023-02-15,-0.0016130336172667501
2023-02-16,0.0005527703653398765
2023-02-17,-0.0010833481965047203
2023-02-18,0.0018601258299556337
2023-02-19,-0.002000299888232717
2023-02-20,-0.009723941841576123
2023-02-21,-0.000474653775747301
2023-02-22,-0.001419659070309147
2023-02-23,-0.0052101265018123
2023-02-24,0.002221170418802189
2023-02-25,-0.00037419065580573865
2023-02-26,-0.0007065573314311255
2023-02-27,0.001021741421692567
2023-02-28,-0.0017990885365883867
2023-03-01,-0.0016836121289166641
2023-03-02,0.006383286445496953
2023-03-03,0.00014659130608119468
2023-03-04,-2.674144060262634e-05
2023-03-05,-0.001886210022338485
2023-03-06,-0.007919599707887004
2023-03-07,-0.0067211642396782945
2023-03-08,-0.007463282452003073
2023-03-09,-0.003267459261467372
2023-03-10,0.007476694661303578
2023-03-11,0.007574123316766242
2023-03-12,0.0035472838353863396
2023-03-13,0.004658170187803035
2023-03-14,-0.0010798273679951517
2023-03-15,0.014375660327666531
2023-03-16,-0.006949815166024476
2023-03-17,0.0025289819363914215
2023-03-18,-0.0015598365548739476
2023-03-19,0.007352326709767497
2023-03-20,0.0015271409411751465
2023-03-21,-0.003841988484646359
2023-03-22,-0.002630530413692529
2023-03-23,0.0033248722409659
2023-03-24,0.0018285226553736284
2023-03-25,-0.003188527774070273
2023-03-26,0.003449680392167017
2023-03-27,0.0025988809044165543
2023-03-28,0.005038682600534751
2023-03-29,0.0039623725088222695
2023-03-30,0.006823418626309474
2023-03-31,-0.0011897514570475588
2023-04-01,-0.00031694226636172257
2023-04-02,0.004898952811147352
2023-04-03,-0.0017047301687991253
2023-04-04,-0.0007415896155749634
2023-04-05,0.0005365031661368992
2023-04-06,-0.0002864564329741659
2023-04-07,0.0009900557229970421
2023-04-08,0.0037698480843221527
2023-04-09,0.0015347469568056265
2023-04-10,0.0006928133966216649
2023-04-11,0.0012722421202309721
2023-04-12,0.008186689654811981
2023-04-13,-0.002218101548087232
2023-04-14,0.0006100012703832891
2023-04-15,-0.0025236810022610788
2023-04-16,0.0035487933231276234
2023-04-17,-0.007069481946974765
2023-04-18,0.00020548689123470838
2023-04-19,-0.0065159587104372555
2023-04-20,0.003819908501336324
2023-04-21,-0.0007285200231472642
2023-04-22,-0.0006383578276534171
2023-04-23,0.0029941615054040515
2023-04-24,-0.006244663620990883
2023-04-25,-0.0005547213153435128
2023-04-26,0.005959227565340163
2023-04-27,0.0033286013903980225
2023-04-28,-0.0009681808494593967
2023-04-29,-0.0030762366059509244
2023-04-30,0.002541434613982011
2023-05-01,-0.0033122445211582613
2023-05-02,-0.002739969788164525
2023-05-03,0.0009965434904759675
2023-05-04,0.004366364682500314
2023-05-05,-0.0012364849813647435
2023-05-06,-0.002128995616300752
2023-05-07,-0.0005756374726514038
2023-05-08,-0.0019299637574798389
2023-05-09,-0.0004905999227329456
2023-05-10,-0.0010830333859368165
2023-05-11,-0.0011123330693237642
2023-05-12,0.0003892329395502194
2023-05-13,0.001058627001442386
2023-05-14,0.0010861541773694878
2023-05-15,-0.0037231796894792468
2023-05-16,0.002470511872247264
2023-05-17,0.0032579634717606336
2023-05-18,0.00034805704840528513
2023-05-19,-0.0009437121425633026
2023-05-20,0.0004590495530925886
2023-05-21,0.0015223706549938624
2023-05-22,-0.007299689289514315
2023-05-23,-0.0025198163045171387
2023-05-24,-4.8679944035866765e-05
2023-05-25,0.004353738047715111
2023-05-26,0.004426413896699596
2023-05-27,-0.0009522944358919969
2023-05-28,1.6421468740534696e-05
2023-05-29,-0.0026801486261983014
2023-05-30,-0.002525594442249185
2023-05-31,0.005359408645918822
2023-06-01,0.007867334929731361
2023-06-02,0.00014126121653399462
2023-06-03,-0.004552125594972873
2023-06-04,0.0042475872682406915
2023-06-05,-0.0018411441742982127
2023-06-06,0.0005449583510144533
2023-06-07,0.0027919889074685114
2023-06-08,-0.003571830342285342
2023-06-09,-3.803435200219909e-05
2023-06-10,-0.00026804913829377603
2023-06-11,0.0033832505786225027
2023-06-12,-0.000276732142913592
2023-06-13,0.0011597863717908608
2023-06-14,0.008493848323461018
2023-06-15,-6.477616378094248e-05
2023-06-16,-0.00047303688054310016
2023-06-17,0.0011905551895993222
2023-06-18,0.00451643843081686
2023-06-19,0.004218518423531683
2023-06-20,-0.0022759227198581263
2023-06-21,0.0036385721975536996
2023-06-22,-0.004401138248180065
2023-06-23,0.00045437200275692206
2023-06-24,-0.0014165727857965655
2023-06-25,-0.0004429785310750849
2023-06-26,0.0016869171799357686
2023-06-27,0.0013134687231749266
2023-06-28,0.004031278093495136
2023-06-29,0.005088033627601672
2023-06-30,0.0003542050856143804
2023-07-01,0.0014240225762819987
2023-07-02,-0.0008018302523771113
2023-07-03,-0.0010769266526655383
2023-07-04,-0.0024327681310009563
2023-07-05,-0.004974764913216277
2023-07-06,-0.0017034236635960706
2023-07-07,-0.00021669348480742723
2023-07-08,0.0009258950625299559
2023-07-09,0.0027722175606080374
2023-07-10,0.0021779351232733926
2023-07-11,0.00828807711268169
2023-07-12,-0.0008092883476047922
2023-07-13,-0.0005589419507281966
2023-07-14,-0.00019544166397176047
2023-07-15,-0.000521017353819706
2023-07-16,-0.0003688857442216335
2023-07-17,0.0022595803970214953
2023-07-18,0.001085864801409784
2023-07-19,-0.0007291129682971032
2023-07-20,0.0001628584366706004
2023-07-21,0.0013502711718400954
2023-07-22,-0.0025279048202557853
2023-07-23,0.00091417624784563
2023-07-24,0.001099587322090076
2023-07-25,-0.0006288172347031791
2023-07-26,-0.0025849467776890853
2023-07-27,0.005544247893544951
2023-07-28,-0.0006623089605650499
2023-07-29,0.0005395216040511951
2023-07-30,0.0004789605915260337
2023-07-31,-0.0036623262215830198
2023-08-01,-0.005440056165236952
2023-08-02,-0.0015162504797024197
2023-08-03,-0.0011519519360342408
2023-08-04,-0.0002095516096227724
2023-08-05,0.00022334991845774307
2023-08-06,0.005167866080765066
2023-08-07,-0.00018299444229135403
2023-08-08,-0.0018786597628296896
2023-08-09,-0.0004958156954136546
2023-08-10,0.0008820991292977356
2023-08-11,-0.0004642695874325884
2023-08-12,0.0003524236835840747
2023-08-13,-0.0005036997863487989
2023-08-14,-0.004478480608574125
2023-08-15,-0.010532915290848426
2023-08-16,-0.005704209711348457
2023-08-17,0.0010875982137013677
2023-08-18,0.0005769684658856898
2023-08-19,-0.0005585905037739935
2023-08-20,0.0009740959659951075
2023-08-21,0.001120411233766921
2023-08-22,0.002188206945701097
2023-08-23,-0.006633584386074364
2023-08-24,0.003708513507866537
2023-08-25,0.000473473141401423
2023-08-26,-5.929832928081361e-05
2023-08-27,0.007595767777167005
2023-08-28,0.005041276086164726
2023-08-29,-0.0027076528815088404
2023-08-30,-0.0017569855981694913
2023-08-31,0.0015665823859352874
2023-09-01,0.00018704727205153882
2023-09-02,-0.0005639136604638458
2023-09-03,0.00012528393505025265
2023-09-04,-0.003724255054733862
2023-09-05,-0.001543303170052947
2023-09-06,-0.0013198898067379719
2023-09-07,0.0008461017111445042
2023-09-08,-0.0006430587056759135
2023-09-09,-0.003378543334000087
2023-09-10,0.006496043907376254
2023-09-11,-0.0008152327975402434
2023-09-12,0.0014162715117015125
2023-09-13,0.004429340698428757
2023-09-14,-0.006668171521652709
2023-09-15,-0.0005369902117387262
2023-09-16,0.000970988512421324
2023-09-17,0.00036874371097105486
2023-09-18,-0.0017902014792132272
2023-09-19,-0.005796628207858464
2023-09-20,-0.007676374643763754
2023-09-21,-0.0013489072456380623
2023-09-22,-0.0009623320667160228
2023-09-23,0.0001774140020248141
2023-09-24,0.0019492804588612939
2023-09-25,-0.005241957486516453
2023-09-26,0.003203445351136957
2023-09-27,0.0022980897198890226
2023-09-28,-0.0015088753051892446
2023-09-29,0.0037350473977496622
2023-09-30,-0.002567902501035823
2023-10-01,-0.0026684506451941717
2023-10-02,-0.005209789194818543
2023-10-03,0.0005559724479731606
2023-10-04,0.0010180906634965187
2023-10-05,0.0041878384898028425
2023-10-06,-0.000146843868496547
2023-10-07,-0.0021816063506194822
2023-10-08,0.0027820116590535236
2023-10-09,0.0019979879986436484
2023-10-10,-0.0008829192273548594
2023-10-11,-0.0035204031602360454
2023-10-12,-0.0005359943936231338
2023-10-13,0.0005635238103085
2023-10-14,0.0040886577825953695
2023-10-15,0.003681285117312698
2023-10-16,0.0003937285500232344
2023-10-17,-0.004347729387254379
2023-10-18,-0.0017979403544901382
2023-10-19,-0.0032641295342725613
2023-10-20,0.001237292856817027
2023-10-21,0.007686496278642451
2023-10-22,8.898341527696162e-05
2023-10-23,0.004754300948104088
2023-10-24,-0.0061096680135859826
2023-10-25,-0.005470386110314023
2023-10-26,-0.0035560946710745185
2023-10-27,0.001273915363181525
2023-10-28,0.00017801044645286533
2023-10-29,0.00438381393568177
2023-10-30,0.004350364129943934
2023-10-31,0.0015181283414718361
2023-11-01,0.009191625220985747
2023-11-02,0.004732702656803885
2023-11-03,0.0009296409884392379
2023-11-04,5.838691995821555e-05
2023-11-05,0.0005385155673864156
2023-11-06,0.0013058935843042363
2023-11-07,0.0063714746763443315
2023-11-08,-0.006263179690108639
2023-11-09,0.0038543892935666117
2023-11-10,-3.161003248151885e-05
2023-11-11,-0.0003715131339473736
2023-11-12,-0.0020281845974900264
2023-11-13,0.013927471676630792
2023-11-14,-0.004067568757544223
2023-11-15,-0.0009386185847263744
2023-11-16,0.0018116236707193202
2023-11-17,0.0024879958280425037
2023-11-18,0.0003315368575627046
2023-11-19,-0.0011045298981792666
2023-11-20,0.0038950727226466373
2023-11-21,0.0015636903961699338
2023-11-22,0.0010359678877440862
2023-11-23,0.0016286734035736818
2023-11-24,-0.0007817006372278355
2023-11-25,-0.001291678884080514
2023-11-26,6.655557886677419e-05
2023-11-27,-0.0004507729102439119
2023-11-28,4.4396492937238025e-05
2023-11-29,0.004763131826526823
2023-11-30,0.006776599140553647
2023-12-01,0.0012915066903195199
2023-12-02,0.0034720422183415196
2023-12-03,0.0032396553990575168
2023-12-04,-0.0032740681238443846
2023-12-05,0.001170223270025553
2023-12-06,0.0035514753960031193
2023-12-07,0.0006377183204386251
2023-12-08,0.0003077747723388153
2023-12-09,-0.005522543960506418
2023-12-10,0.0016414797529887431
2023-12-11,0.004160964144029948
2023-12-12,0.010373230904092649
2023-12-13,-0.0011079356409578042
2023-12-14,-0.000590281601177997
2023-12-15,-0.0015927015601260668
2023-12-16,0.002006276946735387
2023-12-17,0.0007774450054530308
2023-12-18,0.006417547055173769
2023-12-19,-0.006646994063287276
2023-12-20,0.007558832590661467
2023-12-21,0.0010820813718773446
2023-12-22,-0.001572513109433838
2023-12-23,0.0005581550173077397
2023-12-24,-0.002275017495714848
2023-12-25,0.007010613405828108
2023-12-26,-0.00018137045438625603
2023-12-27,-0.0025505746940305152
2023-12-28,-0.0014809925728814042
2023-12-29,-0.00022058028433524532
2023-12-30,0.003775338847273243
2023-12-31,0.0010898202110512878
2024-01-01,-0.005770170721816566
2024-01-02,-0.0006982948825219968
2024-01-03,-0.0019812133494477406
2024-01-04,-1.0415519792150597e-05
2024-01-05,-0.0007602882749954885
2024-01-06,0.006356351740132383
2024-01-07,0.0060586162075093606
2024-01-08,0.00452436328039193
2024-01-09,0.002447253808910457
2024-01-10,-0.007205728919044231
2024-01-11,0.001969734825241824
2024-01-12,-0.0029191076012261776
2024-01-13,0.0014493718398928184
2024-01-14,0.0021375734765794025
2024-01-15,-0.005350582790641862
2024-01-16,-0.006424787635009741
2024-01-17,0.004315216226847202
2024-01-18,0.004194326093442789
2024-01-19,-0.0005472199900097845
2024-01-20,-0.005204062015690708
2024-01-21,4.328738434648946e-05
2024-01-22,0.0017774974910175721
2024-01-23,-0.0027969699973937785
2024-01-24,0.0066421695570196195
2024-01-25,0.0011522577986021211
2024-01-26,-0.0002722684462842891
2024-01-27,0.002710921056503521
2024-01-28,0.004904099248662038
2024-01-29,-0.001724320238764607
2024-01-30,-0.006550116808334075
2024-01-31,0.008786591365140137
2024-02-01,0.0027806775799600774
2024-02-02,-0.0006668421027395708
2024-02-03,0.00035655780819086067
2024-02-04,0.0006598669433911644
2024-02-05,0.0049967602500886185
2024-02-06,0.004261195052377627
2024-02-07,0.004550944105792913
2024-02-08,0.003508489140905364
2024-02-09,0.00043563525808429295
2024-02-10,0.004867669391212654
2024-02-11,0.0005633848699746575
2024-02-12,-0.0034978337880962195
2024-02-13,0.005804014253299024
2024-02-14,0.004686318894705216
2024-02-15,-0.0016783100674703556
2024-02-16,0.0018121034536844177
2024-02-17,0.0008317228677142898
2024-02-18,0.001450212717919729
2024-02-19,-0.0045644238978063975
2024-02-20,0.0008580949038076257
2024-02-21,0.0075208902006432465
2024-02-22,0.0026528334602317375
2024-02-23,0.0020825697717192916
2024-02-24,0.0037630771406377103
2024-02-25,0.0027755744338438526
2024-02-26,0.008595838893402097
2024-02-27,-0.0024556317120979433
2024-02-28,0.0032008397807099893
2024-02-29,0.0046421051354809196
2024-03-01,0.0015986698137111207
2024-03-02,0.006037014652142313
2024-03-03,-0.0052913982940592675
2024-03-04,-3.139582879595631e-06
2024-03-05,0.004715259296672182
2024-03-06,0.006253780089308618
2024-03-07,-0.002637548518405525
2024-03-08,-0.0002944428988043091
2024-03-09,0.005004266112283487
2024-03-10,-0.0033306844121862153
2024-03-11,0.006247273836229745
2024-03-12,-0.0028840240520629995
2024-03-13,-0.005358682441578234
2024-03-14,-0.008258206118987286
2024-03-15,0.003552448089994322
2024-03-16,-0.001696714809387886
2024-03-17,-0.006954624382330085
2024-03-18,0.01462543217471628
2024-03-19,0.002328623687883219
2024-03-20,-0.0014048051404549281
2024-03-21,-0.0004295494275180948
2024-03-22,0.003708911306474906
2024-03-23,0.003806599616106839
2024-03-24,-0.00037761692260076385
2024-03-25,-0.0030718349095899197
2024-03-26,0.011052496259113016
2024-03-27,7.5743530693174e-05
2024-03-28,-0.0003874692871307121
2024-03-29,0.00317618878892357
2024-03-30,-0.002861146397339929
2024-03-31,-0.0092965766803344
2024-04-01,-0.004066397280833843
2024-04-02,0.0022459360248238826
2024-04-03,-0.00853838714125927
2024-04-04,0.008321615355005564
2024-04-05,0.001402318511815233
2024-04-06,0.0048993611644537124
2024-04-07,-0.004478042457538588
2024-04-08,0.0031460602024515815
2024-04-09,-0.007035857361684261
2024-04-10,-0.0028287285538592375
2024-04-11,-0.016361294040742807
2024-04-12,0.0027989791152756727
2024-04-13,-0.0023708160161776543
2024-04-14,-0.006606806259686058
2024-04-15,-0.00549215042465314
2024-04-16,-0.00037520151829765
2024-04-17,-0.0021036097984243767
2024-04-18,-0.0007598588970079269
2024-04-19,-9.620281504928801e-06
2024-04-20,0.0022601181196682677
2024-04-21,0.005552172300009834
2024-04-22,0.004778230052559782
2024-04-23,0.0011893258740516385
2024-04-24,-0.0043480996844484825
2024-04-25,0.006487087915106238
2024-04-26,-0.00027423907448124736
2024-04-27,0.00014715235037237104
2024-04-28,0.00014241424092465612
2024-04-29,-0.012499175801662434
2024-04-30,-0.00022110924062827264
2024-05-01,0.011143670767760227
2024-05-02,0.006231162696972354
2024-05-03,0.0004524636429210461
2024-05-04,-0.0017023795702124423
2024-05-05,0.004311533930166595
2024-05-06,0.00019638164031832395
2024-05-07,0.000801080474265194
2024-05-08,0.00178285726601119
2024-05-09,-0.0011566084681862772
2024-05-10,0.0009073551095054905
2024-05-11,0.001531081240071321
2024-05-12,-0.002582096204775994
2024-05-13,0.009974249132799005
2024-05-14,0.005046327917014523
2024-05-15,0.0021688710800673544
2024-05-16,0.0016937300285850495
2024-05-17,-0.00143506697964098
2024-05-18,0.013482840795425837
2024-05-19,0.0013863051298504256
2024-05-20,-0.0002520366842696746
2024-05-21,-0.0034584710902345697
2024-05-22,-0.00800385270114383
2024-05-23,0.004650568416834686
2024-05-24,0.0002576655158851511
2024-05-25,0.0015197940598085022
2024-05-26,-0.0012558039654684415
2024-05-27,-0.003911860860799299
2024-05-28,-0.005575382120653624
2024-05-29,0.00023631200146288843
2024-05-30,0.00763815484949739
2024-05-31,-0.0002514708338947346
2024-06-01,0.0005148712311600127
2024-06-02,0.0025248666928690787
2024-06-03,0.0008545523292645656
2024-06-04,0.006092805350856098
2024-06-05,-0.001966476346019699
2024-06-06,-0.0015491199322337484
2024-06-07,0.0005144617107439661
2024-06-08,-0.000560060517874082
2024-06-09,-0.0008717912280188194
2024-06-10,0.0017530923069276783
2024-06-11,0.001230146949242881
2024-06-12,-0.0008941483629194077
2024-06-13,-0.0015480791295257354
2024-06-14,0.0009915914069526157
2024-06-15,-0.001544265008439062
2024-06-16,0.0029470844887167025
2024-06-17,0.002209694069720644
2024-06-18,-0.00045847195911524123
2024-06-19,-0.00031838334751101177
2024-06-20,0.0005908468364416777
2024-06-21,-0.001712669393085323
2024-06-22,-0.0034770170688320327
2024-06-23,0.0031906393885712306
2024-06-24,-0.001140637378217031
2024-06-25,0.002927778578022097
2024-06-26,-0.0008550991462822014
2024-06-27,-0.0037410397802442475
2024-06-28,0.002542786839779657
2024-06-29,0.0001112793742710849
2024-06-30,-0.0006052660799480087
2024-07-01,-0.0006545522691968431
2024-07-02,-0.004232305609337387
2024-07-03,-0.001679844681027436
2024-07-04,0.006832855785174167
2024-07-05,-0.004001330381171382
2024-07-06,0.0019006787922607627
2024-07-07,0.0027735356031128896
2024-07-08,0.0005981955084245256
2024-07-09,0.006579386498851565
2024-07-10,0.000664344090407834
2024-07-11,0.007039759895378302
2024-07-12,0.002802469613858178
2024-07-13,0.006413542806264718
2024-07-14,-0.00018640601336894765
2024-07-15,0.005961840892224255
2024-07-16,-0.00752183185632043
2024-07-17,-0.0061508457470415044
2024-07-18,-0.0024942879395570957
2024-07-19,0.0006973306445838144
2024-07-20,-0.0013336019744916148
2024-07-21,0.005771811442386286
2024-07-22,-0.003146033819352069
2024-07-23,-0.013212320653443875
2024-07-24,0.002130130110755028
2024-07-25,0.005782449205909695
2024-07-26,0.0002857177109914238
2024-07-27,-0.0005402306992624822
2024-07-28,-0.0005784472247051424
2024-07-29,-0.005480318679554892
2024-07-30,0.00765962610462464
2024-07-31,-0.006339043406756498
2024-08-01,-0.0017447311106721574
2024-08-02,-0.0052566669116062194
2024-08-03,-0.008243376632609626
2024-08-04,0.0019302044944322248
2024-08-05,-0.0028200270047864166
2024-08-06,0.013376064693007483
2024-08-07,-0.0021972998764843922
2024-08-08,-0.002618732420328701
2024-08-10,0.0034645920686247043
2024-08-11,0.0003725215022570465
2024-08-12,-0.0019351504765836515
2024-08-13,-0.0025772367717399806
2024-08-14,0.0016676923470200727
2024-08-15,0.0006128099869680659
2024-08-16,-0.00028740942067364693
2024-08-17,0.0005825210238130014
2024-08-18,-0.001060006206592082
2024-08-19,0.0025991810965628847
2024-08-20,-0.0007032096383287365
2024-08-21,0.00558393440974743
2024-08-22,-0.00029273197533696236
2024-08-23,0.0003811466346554611
2024-08-24,-0.002196526191765158
2024-08-25,-0.006165993431712766
2024-08-26,0.0007625057695985993
2024-08-27,6.344816841705051e-05
2024-08-28,-0.0002440062476089194
2024-08-29,-0.0003207994430496132
2024-08-30,-0.002726311178090889
2024-08-31,0.0033515586468563143
2024-09-01,-0.0026072961368133613
2024-09-02,0.0002900112719314481
2024-09-03,-0.0028978752024967813
2024-09-04,-0.004444234503798998
2024-09-05,0.0009977539256026693
2024-09-06,0.001358908566758575
2024-09-07,0.002969434172927338
2024-09-08,0.0008337144222343207
2024-09-09,-0.0009383979050773556
2024-09-10,0.0009497024707596167
2024-09-11,0.0032754859760469055
2024-09-12,-0.0008244711785902648
2024-09-13,-0.002202684294651531
2024-09-14,-0.0010681535314965962
2024-09-15,0.0022588731261889623
2024-09-16,0.001179814140819859
2024-09-17,0.003032862311194372
2024-09-18,0.00144478406588208
2024-09-19,0.0009089147536416531
2024-09-20,-0.0001881485155679929
2024-09-21,0.000785235391108461
2024-09-22,-1.0889306760402882e-07
